test,scheme,group,score,first,second,n_panels,median_first,median_second,median_diff,rank_sum_plus,rank_sum_minus,p,result,q_bh,result_bh
gap-filling,S1,Orientation distribution,orient_w1_deg,EVAE,ADFNE,20,12.85811298804444,12.69144599589316,0.23679225097160206,114.0,96.0,0.7561664581298828,no difference,0.9300257959703024,no difference
gap-filling,S1,Orientation distribution,oc1_w1_deg,EVAE,ADFNE,18,6.96289394327289,6.688418078716957,0.40422577493490364,125.0,46.0,0.0897674560546875,no difference,0.27289306640625,no difference
gap-filling,S1,Orientation distribution,oc2_w1_deg,EVAE,ADFNE,19,6.162128586456191,5.461991873933628,0.7191593496742064,144.0,46.0,0.049365997314453125,worse,0.1815394739950857,no difference
gap-filling,S1,Orientation distribution,oc3_w1_deg,EVAE,ADFNE,18,5.2708594223404015,6.043679344805683,-0.45503258709512107,52.0,119.0,0.15404510498046875,no difference,0.35898949686607584,no difference
gap-filling,S1,Orientation distribution,oc4_w1_deg,EVAE,ADFNE,8,6.527038270313651,7.680433847113343,-0.9169951037184254,11.0,25.0,0.3828125,no difference,0.6370894160583942,no difference
gap-filling,S1,Orientation clusters,oc1_centre_err_deg,EVAE,ADFNE,18,4.775423452660329,4.926536369149607,0.4595339261875562,99.0,72.0,0.5798416137695312,no difference,0.8143022941303708,no difference
gap-filling,S1,Orientation clusters,oc1_spread_err_deg,EVAE,ADFNE,18,3.1243904749855482,2.8384903617244763,0.8756367500639985,148.0,23.0,0.0047454833984375,worse,0.03278697620738636,worse
gap-filling,S1,Orientation clusters,oc1_share_err,EVAE,ADFNE,20,0.1157280219780219,0.08422619047619047,0.0014940425931137952,109.0,101.0,0.8983173370361328,no difference,0.966564619316245,no difference
gap-filling,S1,Orientation clusters,oc2_centre_err_deg,EVAE,ADFNE,19,3.67752014338708,3.5881608287265276,0.13301005269289323,113.0,77.0,0.48996734619140625,no difference,0.7466350153357026,no difference
gap-filling,S1,Orientation clusters,oc2_spread_err_deg,EVAE,ADFNE,19,3.1927064168675545,2.6432925106213863,0.19009971277379867,128.0,62.0,0.1956329345703125,no difference,0.4054937189275568,no difference
gap-filling,S1,Orientation clusters,oc2_share_err,EVAE,ADFNE,20,0.1152597402597402,0.09901960784313722,0.02843198468198465,173.0,37.0,0.009435653686523438,worse,0.05122212001255581,no difference
gap-filling,S1,Orientation clusters,oc3_centre_err_deg,EVAE,ADFNE,18,3.921455739620023,4.2415220316491435,-0.5563129300059826,54.0,117.0,0.18146514892578125,no difference,0.3930314698610943,no difference
gap-filling,S1,Orientation clusters,oc3_spread_err_deg,EVAE,ADFNE,18,2.559476828109217,3.4108025060634826,-0.6532371057479219,31.0,140.0,0.01593017578125,better,0.07727829953457446,no difference
gap-filling,S1,Orientation clusters,oc3_share_err,EVAE,ADFNE,20,0.1094934477287418,0.0776785714285714,0.014738733488733481,159.0,51.0,0.04405403137207031,worse,0.1646609697185579,no difference
gap-filling,S1,Orientation clusters,oc4_centre_err_deg,EVAE,ADFNE,8,3.887378973199608,5.35240934997049,-1.781657245421307,7.0,29.0,0.1484375,no difference,0.35898949686607584,no difference
gap-filling,S1,Orientation clusters,oc4_spread_err_deg,EVAE,ADFNE,8,3.871929283715062,2.7888056226321107,0.744122727624353,27.0,9.0,0.25,no difference,0.49137931034482757,no difference
gap-filling,S1,Orientation clusters,oc4_share_err,EVAE,ADFNE,20,0.08688387635756051,0.0771241830065359,0.0028083028083028053,128.5,81.5,0.38027257969716544,no difference,0.6370894160583942,no difference
gap-filling,S1,Orientation clusters,unclustered_share_err,EVAE,ADFNE,20,0.0470691481720893,0.0333333333333333,0.0,131.5,78.5,0.3215795754715687,no difference,0.5650122905939218,no difference
gap-filling,S1,Orientation clusters,cluster_share_tv,EVAE,ADFNE,20,0.27142857142857135,0.22967836257309937,0.03795146846617431,165.0,45.0,0.023950576782226562,worse,0.1011246575249566,no difference
gap-filling,S1,Length,len_w1_m,EVAE,ADFNE,20,1.4277038264340511,1.9211823284544414,-0.4732604811958556,0.0,210.0,1.9073486328125e-06,better,4.8319498697916664e-05,better
gap-filling,S1,Length,len_med_err_m,EVAE,ADFNE,20,0.5437361904273001,1.307832534788672,-0.7493595229167326,8.0,202.0,4.76837158203125e-05,better,0.00072479248046875,better
gap-filling,S1,Length,len_p90_err_m,EVAE,ADFNE,20,1.4982984521359062,2.2228651299811992,-0.7423426845259582,35.0,175.0,0.0072956085205078125,better,0.043773651123046875,better
gap-filling,S1,Length,oc1_len_w1_m,EVAE,ADFNE,18,3.0282944909364633,3.438067307063923,-0.4567975218089291,47.0,124.0,0.0987396240234375,no difference,0.28140792846679685,no difference
gap-filling,S1,Length,oc2_len_w1_m,EVAE,ADFNE,19,2.6081180914913453,2.707020191661986,-0.013677367005381136,93.0,97.0,0.9529838562011719,no difference,0.9831688652211185,no difference
gap-filling,S1,Length,oc3_len_w1_m,EVAE,ADFNE,18,2.2598215276900357,2.385230922338563,-0.1531532635957744,69.0,102.0,0.49507904052734375,no difference,0.7466350153357026,no difference
gap-filling,S1,Length,oc4_len_w1_m,EVAE,ADFNE,8,2.664900783624323,2.9245548331792524,0.03122864468489328,19.0,17.0,0.9453125,no difference,0.9796875,no difference
gap-filling,S1,Density,P20_relerr,EVAE,ADFNE,20,0.21637426900584789,0.1666666666666666,0.0,87.0,123.0,0.501031391870011,no difference,0.7466350153357026,no difference
gap-filling,S1,Density,P21_relerr,EVAE,ADFNE,20,0.23716737191622173,0.256768190726652,-0.03505758228759445,35.0,175.0,0.0072956085205078125,better,0.043773651123046875,better
gap-filling,S1,Density,P22_relerr,EVAE,ADFNE,15,0.75,1.25,-0.75,5.5,114.5,0.0019000534436117917,better,0.01547186375512459,better
gap-filling,S1,Density,nn_w1_m,EVAE,ADFNE,20,1.1372092084995309,0.8203210650415749,0.29325954986350095,111.0,99.0,0.8408222198486328,no difference,0.9556657014814922,no difference
gap-filling,S1,Density,cluster_vmr_err,EVAE,ADFNE,20,0.16666666666666666,0.3041666666666667,-0.1084605957767723,48.0,162.0,0.03276824951171875,better,0.131072998046875,no difference
gap-filling,S1,Density,oc1_count_relerr,EVAE,ADFNE,18,0.3333333333333333,0.30952380952380953,-0.06071428571428572,66.5,104.5,0.4075888305012898,no difference,0.673407633002131,no difference
gap-filling,S1,Density,oc2_count_relerr,EVAE,ADFNE,20,0.5,0.36607142857142855,0.08571428571428572,122.0,88.0,0.5251113209833587,no difference,0.7674703922064473,no difference
gap-filling,S1,Density,oc3_count_relerr,EVAE,ADFNE,20,0.5,0.5,0.0,148.5,61.5,0.09309381027721703,no difference,0.27565439926240887,no difference
gap-filling,S1,Density,oc4_count_relerr,EVAE,ADFNE,14,0.6666666666666666,0.8333333333333333,0.0,52.0,53.0,0.9744253761133005,no difference,1.0,no difference
gap-filling,S1,Topology,term_share_err,EVAE,ADFNE,20,0.0695770413161717,0.08184523809523805,-0.00046992481203007863,93.5,116.5,0.6676862157455826,no difference,0.8902482876607768,no difference
gap-filling,S1,Topology,CL_err,EVAE,ADFNE,20,0.5388203299968006,0.79999222999223,-0.2761473711473712,41.0,169.0,0.01531219482421875,better,0.07589522652004076,no difference
gap-filling,S1,Topology,node_tv,EVAE,ADFNE,20,0.1242313242313242,0.16996875007573164,-0.034735166793990344,30.0,180.0,0.00365447998046875,better,0.026878110824092742,better
new-bench,S2,Orientation distribution,orient_w1_deg,EVAE,ADFNE,50,13.359216501605959,13.467895930183662,0.12749156854726174,709.0,566.0,0.4963885938865378,no difference,0.7466350153357026,no difference
new-bench,S2,Orientation distribution,oc1_w1_deg,EVAE,ADFNE,44,7.508390564023603,6.9690824065731745,0.23586390179374694,650.0,340.0,0.07113397970306323,no difference,0.23505141119273068,no difference
new-bench,S2,Orientation distribution,oc2_w1_deg,EVAE,ADFNE,48,6.702686790866952,6.421875989480456,0.5221214120845707,867.0,309.0,0.003648910512730197,worse,0.026878110824092742,worse
new-bench,S2,Orientation distribution,oc3_w1_deg,EVAE,ADFNE,42,5.259302770163918,6.033420177645699,-0.4278732404531449,241.0,662.0,0.007683746483508003,better,0.0449203640574314,better
new-bench,S2,Orientation distribution,oc4_w1_deg,EVAE,ADFNE,22,5.850901626588689,6.111261052126023,-0.10230520318243919,120.0,133.0,0.8485937118530273,no difference,0.9556657014814922,no difference
new-bench,S2,Orientation clusters,oc1_centre_err_deg,EVAE,ADFNE,44,5.132427691981727,4.9234499465098285,0.3648247800181672,654.0,336.0,0.06395960447559901,no difference,0.21461893406076876,no difference
new-bench,S2,Orientation clusters,oc1_spread_err_deg,EVAE,ADFNE,44,3.58633304527697,3.0389607992212393,0.2943297908396838,610.0,380.0,0.18331793663844564,no difference,0.3930314698610943,no difference
new-bench,S2,Orientation clusters,oc1_share_err,EVAE,ADFNE,50,0.1172577422577422,0.1136363636363636,0.011538461538461553,694.5,580.5,0.5821547102774142,no difference,0.8143022941303708,no difference
new-bench,S2,Orientation clusters,oc2_centre_err_deg,EVAE,ADFNE,48,4.227010807250209,4.010038570827799,0.1421309350120774,709.0,467.0,0.21863902421199555,no difference,0.4404226452132667,no difference
new-bench,S2,Orientation clusters,oc2_spread_err_deg,EVAE,ADFNE,48,3.0941881502792388,2.401581233476947,0.5750037363287595,937.0,239.0,0.00021335907976549606,worse,0.0023164700088825286,worse
new-bench,S2,Orientation clusters,oc2_share_err,EVAE,ADFNE,50,0.10933919022154312,0.11507936507936506,-0.0019230769230769162,659.5,615.5,0.8318138315309286,no difference,0.9556657014814922,no difference
new-bench,S2,Orientation clusters,oc3_centre_err_deg,EVAE,ADFNE,42,3.8640568283237067,3.8998598333381382,-0.3611527169662201,373.0,530.0,0.33299069687382143,no difference,0.579556327383445,no difference
new-bench,S2,Orientation clusters,oc3_spread_err_deg,EVAE,ADFNE,42,2.799878702680321,2.5323723374955254,0.11713929647959509,461.0,442.0,0.9113462559957952,no difference,0.9708029136130337,no difference
new-bench,S2,Orientation clusters,oc3_share_err,EVAE,ADFNE,50,0.1048534798534798,0.09375,-2.0816681711721685e-17,569.5,705.5,0.5115520280573369,no difference,0.7554138562453594,no difference
new-bench,S2,Orientation clusters,oc4_centre_err_deg,EVAE,ADFNE,22,4.642585958947795,4.670674573367891,0.02200538485677006,114.0,139.0,0.7023849487304688,no difference,0.9264650337463948,no difference
new-bench,S2,Orientation clusters,oc4_spread_err_deg,EVAE,ADFNE,22,2.863561553535639,2.923317658787106,-0.030893511238001548,116.0,137.0,0.7502379417419434,no difference,0.9300257959703024,no difference
new-bench,S2,Orientation clusters,oc4_share_err,EVAE,ADFNE,50,0.0714285714285714,0.06421703296703295,0.002083333333333298,710.5,564.5,0.48097548103489074,no difference,0.7460027869112591,no difference
new-bench,S2,Orientation clusters,unclustered_share_err,EVAE,ADFNE,50,0.06952942890442887,0.0625,0.0,731.0,544.0,0.3651654248623172,no difference,0.6259978711925437,no difference
new-bench,S2,Orientation clusters,cluster_share_tv,EVAE,ADFNE,50,0.26867525856496444,0.2706773618538324,0.0010416666666666768,689.0,586.0,0.6253677971440439,no difference,0.8641445924172243,no difference
new-bench,S2,Length,len_w1_m,EVAE,ADFNE,50,1.5408219656179554,1.6945768855507053,-0.3892756781580905,152.0,1123.0,4.56562391448756e-07,better,2.5914265713656735e-05,better
new-bench,S2,Length,len_med_err_m,EVAE,ADFNE,50,1.0245520666072836,1.3518329180298136,-0.6605725854175701,170.0,1105.0,1.4543591948523726e-06,better,4.8319498697916664e-05,better
new-bench,S2,Length,len_p90_err_m,EVAE,ADFNE,50,1.7652477956715802,2.2066760132384813,-0.5706478434206463,298.0,977.0,0.0007847371187263974,better,0.007455002627900775,better
new-bench,S2,Length,oc1_len_w1_m,EVAE,ADFNE,44,3.0485745568060936,2.7002409610984808,0.1194665227519125,504.0,486.0,0.9217797570671564,no difference,0.9708029136130337,no difference
new-bench,S2,Length,oc2_len_w1_m,EVAE,ADFNE,48,2.4969872272333204,2.5294308377556165,-0.10286374699969691,586.0,590.0,0.9878395333266141,no difference,1.0,no difference
new-bench,S2,Length,oc3_len_w1_m,EVAE,ADFNE,42,2.624268479611134,2.4776771485226328,-0.09923575894408365,479.0,424.0,0.7382750756282803,no difference,0.9300257959703024,no difference
new-bench,S2,Length,oc4_len_w1_m,EVAE,ADFNE,22,2.3945086962881956,2.503625929152231,0.08407312808323963,136.0,117.0,0.774528980255127,no difference,0.9343524206252325,no difference
new-bench,S2,Density,P20_relerr,EVAE,ADFNE,50,0.24264705882352938,0.1666666666666666,0.04166666666666666,773.5,501.5,0.18886617135910255,no difference,0.39505951440252646,no difference
new-bench,S2,Density,P21_relerr,EVAE,ADFNE,50,0.2349121719977005,0.27852596497237403,-0.0459956143995592,391.0,884.0,0.016637745581261854,better,0.0790292915109938,no difference
new-bench,S2,Density,P22_relerr,EVAE,ADFNE,38,0.6190476190476191,1.5,-0.625,57.0,684.0,5.021339741602813e-06,better,0.00010407867828049465,better
new-bench,S2,Density,nn_w1_m,EVAE,ADFNE,50,1.2992160636479964,0.8221837669661963,0.38423038509027885,787.0,488.0,0.1515030570827971,no difference,0.35898949686607584,no difference
new-bench,S2,Density,cluster_vmr_err,EVAE,ADFNE,50,0.2134037015615963,0.3080357142857143,-0.05463980463980467,479.5,795.5,0.1272047247961547,no difference,0.3372404331805031,no difference
new-bench,S2,Density,oc1_count_relerr,EVAE,ADFNE,47,0.3333333333333333,0.3333333333333333,0.0,547.5,580.5,0.8610754112398622,no difference,0.9587723196839757,no difference
new-bench,S2,Density,oc2_count_relerr,EVAE,ADFNE,50,0.5,0.5,0.0,494.0,781.0,0.16570111420034417,no difference,0.3777985403767847,no difference
new-bench,S2,Density,oc3_count_relerr,EVAE,ADFNE,48,0.5,0.5,0.0,622.5,553.5,0.7174866714510201,no difference,0.9284451914279214,no difference
new-bench,S2,Density,oc4_count_relerr,EVAE,ADFNE,34,0.5,0.7083333333333333,0.0,211.5,383.5,0.12992317521099242,no difference,0.3404883212426008,no difference
new-bench,S2,Topology,term_share_err,EVAE,ADFNE,50,0.07428221288515402,0.07135495223730515,-0.003095975232198126,560.5,714.5,0.45729858381324795,no difference,0.7240560910376426,no difference
new-bench,S2,Topology,CL_err,EVAE,ADFNE,50,0.5909090909090908,0.7064439264439264,-0.15607032286598854,241.5,1033.5,0.00013198729649344096,better,0.0016718390889169188,better
new-bench,S2,Topology,node_tv,EVAE,ADFNE,50,0.1368114056043117,0.15911789171203872,-0.028073553982996713,245.0,1030.0,8.237559280566131e-05,better,0.0011048020682171047,better
new-stretch,S3,Orientation distribution,orient_w1_deg,EVAE,ADFNE,50,14.796380412870027,14.249352052626257,1.2561621625238741,813.0,462.0,0.09130577606126522,no difference,0.27391732818379566,no difference
new-stretch,S3,Orientation distribution,oc1_w1_deg,EVAE,ADFNE,45,7.346296868076513,7.069906728823841,0.05781579416186933,619.0,416.0,0.2569978406882001,no difference,0.49657209895686116,no difference
new-stretch,S3,Orientation distribution,oc2_w1_deg,EVAE,ADFNE,48,6.702213442813079,7.073325471889765,-0.1434201624078173,607.0,569.0,0.8508777956172935,no difference,0.9556657014814922,no difference
new-stretch,S3,Orientation distribution,oc3_w1_deg,EVAE,ADFNE,39,5.579012699026016,6.280918041025534,-0.41923098924311475,191.0,589.0,0.004719421009212965,better,0.03278697620738636,better
new-stretch,S3,Orientation distribution,oc4_w1_deg,EVAE,ADFNE,22,5.762530916309315,5.670223794226365,-0.7826239449416033,101.0,152.0,0.42448854446411133,no difference,0.6913099152701242,no difference
new-stretch,S3,Orientation clusters,oc1_centre_err_deg,EVAE,ADFNE,45,5.496814873802324,5.495213843174248,0.16189624131767166,587.0,448.0,0.4397468534643849,no difference,0.7108401662918289,no difference
new-stretch,S3,Orientation clusters,oc1_spread_err_deg,EVAE,ADFNE,45,3.4626643686097633,3.362803376657382,0.14743258239899681,531.0,504.0,0.884481551219551,no difference,0.966564619316245,no difference
new-stretch,S3,Orientation clusters,oc1_share_err,EVAE,ADFNE,50,0.1428571428571428,0.11607142857142855,0.0,700.0,575.0,0.5462728736845331,no difference,0.779296875,no difference
new-stretch,S3,Orientation clusters,oc2_centre_err_deg,EVAE,ADFNE,48,4.275206542333368,4.213117815886449,-0.040000154925607934,545.0,631.0,0.6656758094474071,no difference,0.8902482876607768,no difference
new-stretch,S3,Orientation clusters,oc2_spread_err_deg,EVAE,ADFNE,48,2.8328840982022747,2.605596097239546,0.29179699158525363,827.0,349.0,0.013492028851999294,worse,0.06835961285012976,no difference
new-stretch,S3,Orientation clusters,oc2_share_err,EVAE,ADFNE,50,0.11483516483516479,0.11237373737373735,0.0,685.5,589.5,0.643090817796316,no difference,0.8736103291134246,no difference
new-stretch,S3,Orientation clusters,oc3_centre_err_deg,EVAE,ADFNE,39,4.438424815540026,4.231915095706891,-0.60826773875772,257.0,523.0,0.06400915577250998,no difference,0.21461893406076876,no difference
new-stretch,S3,Orientation clusters,oc3_spread_err_deg,EVAE,ADFNE,39,2.629812422320348,2.5823597778106464,-0.015457317407989724,318.0,462.0,0.3221561306017975,no difference,0.5650122905939218,no difference
new-stretch,S3,Orientation clusters,oc3_share_err,EVAE,ADFNE,50,0.10531517094017087,0.1071428571428571,-4.85722573273506e-17,558.0,717.0,0.4427162439185952,no difference,0.7108401662918289,no difference
new-stretch,S3,Orientation clusters,oc4_centre_err_deg,EVAE,ADFNE,22,4.238919724864102,4.507430751408171,-0.5639428503130428,97.0,156.0,0.3534979820251465,no difference,0.6105874234979803,no difference
new-stretch,S3,Orientation clusters,oc4_spread_err_deg,EVAE,ADFNE,22,2.674159205855693,3.648108663753085,-0.45023423509667637,69.0,184.0,0.06341934204101562,no difference,0.21461893406076876,no difference
new-stretch,S3,Orientation clusters,oc4_share_err,EVAE,ADFNE,50,0.08276435574229687,0.0714285714285714,0.0,776.5,498.5,0.17950942360509714,no difference,0.3930314698610943,no difference
new-stretch,S3,Orientation clusters,unclustered_share_err,EVAE,ADFNE,50,0.0588235294117647,0.0669642857142857,0.0,617.0,658.0,0.8410020066400803,no difference,0.9556657014814922,no difference
new-stretch,S3,Orientation clusters,cluster_share_tv,EVAE,ADFNE,50,0.28516483516483515,0.2822802197802198,0.009798534798534791,760.5,514.5,0.23508830143250847,no difference,0.4660881106661907,no difference
new-stretch,S3,Length,len_w1_m,EVAE,ADFNE,50,1.5344560790729995,1.7005745684073188,-0.33082341127563064,131.0,1144.0,1.0490046520317264e-07,better,1.1958653033161681e-05,better
new-stretch,S3,Length,len_med_err_m,EVAE,ADFNE,50,0.8892269931464659,1.4201704903729166,-0.4171988287562413,112.0,1163.0,2.434094703573919e-08,better,5.5497359241485356e-06,better
new-stretch,S3,Length,len_p90_err_m,EVAE,ADFNE,50,2.2680127480932804,2.031325593515531,-0.22724508432092994,489.0,786.0,0.15430250303892734,no difference,0.35898949686607584,no difference
new-stretch,S3,Length,oc1_len_w1_m,EVAE,ADFNE,45,3.081471810762601,2.8535220250466944,0.012850434738706173,486.0,549.0,0.7289109178315698,no difference,0.9284451914279214,no difference
new-stretch,S3,Length,oc2_len_w1_m,EVAE,ADFNE,48,2.1716824371083767,2.4534425939244073,-0.11575501347093398,465.0,711.0,0.21101763473357238,no difference,0.42957161356477236,no difference
new-stretch,S3,Length,oc3_len_w1_m,EVAE,ADFNE,39,2.248651642175888,2.6601539384360193,-0.4189626428061026,214.0,566.0,0.013149019516276894,better,0.06813582840252573,no difference
new-stretch,S3,Length,oc4_len_w1_m,EVAE,ADFNE,22,2.4850541449158223,2.7685019547836975,-0.25475582402696406,95.0,158.0,0.32088327407836914,no difference,0.5650122905939218,no difference
new-stretch,S3,Density,P20_relerr,EVAE,ADFNE,50,0.2222222222222222,0.202020202020202,0.0,788.0,487.0,0.14357320774071347,no difference,0.35898949686607584,no difference
new-stretch,S3,Density,P21_relerr,EVAE,ADFNE,50,0.24726851928215177,0.2573660339651047,-0.02227143583225441,471.0,804.0,0.10953049393459402,no difference,0.30830805700107944,no difference
new-stretch,S3,Density,P22_relerr,EVAE,ADFNE,38,0.6666666666666666,1.25,-0.5,131.0,610.0,0.0005002489881369961,better,0.004958989969358048,better
new-stretch,S3,Density,nn_w1_m,EVAE,ADFNE,50,1.2002426489049707,0.8416489906437157,0.3376981249848603,783.0,492.0,0.16293225736063377,no difference,0.3752379260426717,no difference
new-stretch,S3,Density,cluster_vmr_err,EVAE,ADFNE,50,0.2484768907563025,0.2762313258636787,0.022696053946053882,612.0,663.0,0.8055583474774579,no difference,0.9506308058827273,no difference
new-stretch,S3,Density,oc1_count_relerr,EVAE,ADFNE,47,0.5,0.4,0.0,570.5,557.5,0.9450408057168198,no difference,0.9796875,no difference
new-stretch,S3,Density,oc2_count_relerr,EVAE,ADFNE,50,0.5,0.46875,0.0,533.5,741.5,0.31299378428181435,no difference,0.5650122905939218,no difference
new-stretch,S3,Density,oc3_count_relerr,EVAE,ADFNE,49,0.5,0.5,0.0,667.5,557.5,0.5743978379047379,no difference,0.8134329629955295,no difference
new-stretch,S3,Density,oc4_count_relerr,EVAE,ADFNE,35,0.5,0.6666666666666666,0.0,231.5,398.5,0.1521249805651229,no difference,0.35898949686607584,no difference
new-stretch,S3,Topology,term_share_err,EVAE,ADFNE,50,0.07572684246112232,0.07697240259740251,-0.0009604978354978491,612.5,662.5,0.8092978369633541,no difference,0.9506308058827273,no difference
new-stretch,S3,Topology,CL_err,EVAE,ADFNE,50,0.5080379978078187,0.7408724608724608,-0.21657411328810922,243.0,1032.0,7.500770700019643e-05,better,0.0010688598247527992,better
new-stretch,S3,Topology,node_tv,EVAE,ADFNE,50,0.12992224322869478,0.15493671180604024,-0.033546131726712475,210.0,1065.0,1.4422642710343325e-05,better,0.0002529509644583291,better
gap-filling,S1,Orientation distribution,orient_w1_deg,EVAE,KDE,20,12.85811298804444,12.266069101236978,0.4228412391798271,134.0,76.0,0.2942523956298828,no difference,0.5477057381380908,no difference
gap-filling,S1,Orientation distribution,oc1_w1_deg,EVAE,KDE,18,6.96289394327289,6.271042392821814,0.889604681535189,134.0,37.0,0.03423309326171875,worse,0.1322905976893538,no difference
gap-filling,S1,Orientation distribution,oc2_w1_deg,EVAE,KDE,19,6.162128586456191,5.9774896038761645,0.3849772011150545,148.0,42.0,0.03234100341796875,worse,0.131072998046875,no difference
gap-filling,S1,Orientation distribution,oc3_w1_deg,EVAE,KDE,18,5.2708594223404015,5.55950625094169,-0.3580907805180784,80.0,91.0,0.83172607421875,no difference,0.9556657014814922,no difference
gap-filling,S1,Orientation distribution,oc4_w1_deg,EVAE,KDE,8,6.527038270313651,6.318671033362811,0.4555724505807328,22.0,14.0,0.640625,no difference,0.8736103291134246,no difference
gap-filling,S1,Orientation clusters,oc1_centre_err_deg,EVAE,KDE,18,4.775423452660329,4.42378547176124,0.6368780909511551,111.0,60.0,0.28372955322265625,no difference,0.5390861511230469,no difference
gap-filling,S1,Orientation clusters,oc1_spread_err_deg,EVAE,KDE,18,3.1243904749855482,2.5799007032632604,0.43191362236528275,139.0,32.0,0.0182342529296875,worse,0.083148193359375,no difference
gap-filling,S1,Orientation clusters,oc1_share_err,EVAE,KDE,20,0.1157280219780219,0.09226190476190475,0.01785714285714285,114.0,96.0,0.7561664581298828,no difference,0.9300257959703024,no difference
gap-filling,S1,Orientation clusters,oc2_centre_err_deg,EVAE,KDE,19,3.67752014338708,3.4940014497638776,0.5512742359959075,133.0,57.0,0.1336212158203125,no difference,0.3462004228071733,no difference
gap-filling,S1,Orientation clusters,oc2_spread_err_deg,EVAE,KDE,19,3.1927064168675545,2.2810041612338683,0.3601108342011745,142.0,48.0,0.060207366943359375,no difference,0.21448874473571777,no difference
gap-filling,S1,Orientation clusters,oc2_share_err,EVAE,KDE,20,0.1152597402597402,0.08778011204481795,0.018978536083799256,146.5,63.5,0.1213082284773904,no difference,0.3292651915814882,no difference
gap-filling,S1,Orientation clusters,oc3_centre_err_deg,EVAE,KDE,18,3.921455739620023,3.7345002202961846,0.13234614579203474,86.0,85.0,1.0,no difference,1.0,no difference
gap-filling,S1,Orientation clusters,oc3_spread_err_deg,EVAE,KDE,18,2.559476828109217,2.528902686800446,0.058404307092896235,86.0,85.0,1.0,no difference,1.0,no difference
gap-filling,S1,Orientation clusters,oc3_share_err,EVAE,KDE,20,0.1094934477287418,0.0888888888888889,0.02127100840336133,130.0,80.0,0.36827659606933594,no difference,0.6266198798791686,no difference
gap-filling,S1,Orientation clusters,oc4_centre_err_deg,EVAE,KDE,8,3.887378973199608,3.4146542394758033,-0.30216170556191524,13.0,23.0,0.546875,no difference,0.779296875,no difference
gap-filling,S1,Orientation clusters,oc4_spread_err_deg,EVAE,KDE,8,3.871929283715062,2.272047698714297,0.9471853873670106,29.0,7.0,0.1484375,no difference,0.35898949686607584,no difference
gap-filling,S1,Orientation clusters,oc4_share_err,EVAE,KDE,20,0.08688387635756051,0.08333333333333325,0.008928571428571425,141.5,68.5,0.17299522589736793,no difference,0.39052387628316726,no difference
gap-filling,S1,Orientation clusters,unclustered_share_err,EVAE,KDE,20,0.0470691481720893,0.0333333333333333,0.0,156.0,54.0,0.05508286926633465,no difference,0.19934752686863966,no difference
gap-filling,S1,Orientation clusters,cluster_share_tv,EVAE,KDE,20,0.27142857142857135,0.2488095238095237,0.028941197691197698,150.0,60.0,0.09730720520019531,no difference,0.2808359846284118,no difference
gap-filling,S1,Length,len_w1_m,EVAE,KDE,20,1.4277038264340511,1.8031096556202653,-0.4128187148856246,0.0,210.0,1.9073486328125e-06,better,4.8319498697916664e-05,better
gap-filling,S1,Length,len_med_err_m,EVAE,KDE,20,0.5437361904273001,0.969049181492887,-0.3729673795307288,25.0,185.0,0.001689910888671875,better,0.01481921856219952,better
gap-filling,S1,Length,len_p90_err_m,EVAE,KDE,20,1.4982984521359062,2.6014814600564717,-1.0342539398956625,0.0,210.0,1.9073486328125e-06,better,4.8319498697916664e-05,better
gap-filling,S1,Length,oc1_len_w1_m,EVAE,KDE,18,3.0282944909364633,2.963554215765897,-0.12708114356805322,69.0,102.0,0.49507904052734375,no difference,0.7466350153357026,no difference
gap-filling,S1,Length,oc2_len_w1_m,EVAE,KDE,19,2.6081180914913453,2.9101665742805647,-0.048391412532872824,92.0,98.0,0.9217147827148438,no difference,0.9708029136130337,no difference
gap-filling,S1,Length,oc3_len_w1_m,EVAE,KDE,18,2.2598215276900357,2.033854870695708,0.16821097309953692,122.0,49.0,0.11870574951171875,no difference,0.32608326371893825,no difference
gap-filling,S1,Length,oc4_len_w1_m,EVAE,KDE,8,2.664900783624323,3.0294321522393863,0.026062248895096563,19.0,17.0,0.9453125,no difference,0.9796875,no difference
gap-filling,S1,Density,P20_relerr,EVAE,KDE,20,0.21637426900584789,0.1666666666666666,0.0,87.0,123.0,0.501031391870011,no difference,0.7466350153357026,no difference
gap-filling,S1,Density,P21_relerr,EVAE,KDE,20,0.23716737191622173,0.24229453082527475,-0.013951224380626251,48.0,162.0,0.03276824951171875,better,0.131072998046875,no difference
gap-filling,S1,Density,P22_relerr,EVAE,KDE,15,0.75,2.0,-1.25,2.5,117.5,0.001068944261699609,better,0.009748771666700436,better
gap-filling,S1,Density,nn_w1_m,EVAE,KDE,20,1.1372092084995309,0.8950824994340161,0.1886625369421121,104.0,106.0,0.9854354858398438,no difference,1.0,no difference
gap-filling,S1,Density,cluster_vmr_err,EVAE,KDE,20,0.16666666666666666,0.293452380952381,-0.10140931372549015,42.0,168.0,0.017181396484375,better,0.07994608976403061,no difference
gap-filling,S1,Density,oc1_count_relerr,EVAE,KDE,18,0.3333333333333333,0.2857142857142857,-0.07142857142857145,71.5,99.5,0.5413853981256331,no difference,0.779296875,no difference
gap-filling,S1,Density,oc2_count_relerr,EVAE,KDE,20,0.5,0.40178571428571425,0.0,108.5,101.5,0.8958059355553389,no difference,0.966564619316245,no difference
gap-filling,S1,Density,oc3_count_relerr,EVAE,KDE,20,0.5,0.5,0.0,97.0,113.0,0.7605790737974402,no difference,0.9300257959703024,no difference
gap-filling,S1,Density,oc4_count_relerr,EVAE,KDE,14,0.6666666666666666,0.6666666666666666,0.0,57.5,47.5,0.746182476409571,no difference,0.9300257959703024,no difference
gap-filling,S1,Topology,term_share_err,EVAE,KDE,20,0.0695770413161717,0.0703121516164994,-0.008392227740053826,87.5,122.5,0.5135488935001347,no difference,0.7554138562453594,no difference
gap-filling,S1,Topology,CL_err,EVAE,KDE,20,0.5388203299968006,0.8170557578353681,-0.34330621448268506,43.0,167.0,0.01923370361328125,better,0.08426439876189777,no difference
gap-filling,S1,Topology,node_tv,EVAE,KDE,20,0.1242313242313242,0.18416632387220627,-0.04006004558204767,35.0,175.0,0.0072956085205078125,better,0.043773651123046875,better
new-bench,S2,Orientation distribution,orient_w1_deg,EVAE,KDE,50,13.359216501605959,13.506217715234564,0.6298344120308785,747.0,528.0,0.2954728324166016,no difference,0.5477057381380908,no difference
new-bench,S2,Orientation distribution,oc1_w1_deg,EVAE,KDE,44,7.508390564023603,7.08854798595241,0.40952832271171546,630.0,360.0,0.11718801563745274,no difference,0.3258398483577954,no difference
new-bench,S2,Orientation distribution,oc2_w1_deg,EVAE,KDE,48,6.702686790866952,6.516535243174758,0.3638184681982324,935.0,241.0,0.0002339571197964574,worse,0.0024246465142541947,worse
new-bench,S2,Orientation distribution,oc3_w1_deg,EVAE,KDE,42,5.259302770163918,6.181352367055737,-0.45020989982286164,343.0,560.0,0.17874956133937303,no difference,0.3930314698610943,no difference
new-bench,S2,Orientation distribution,oc4_w1_deg,EVAE,KDE,22,5.850901626588689,5.808143641702958,0.1629279095518581,160.0,93.0,0.2902231216430664,no difference,0.5468667085505714,no difference
new-bench,S2,Orientation clusters,oc1_centre_err_deg,EVAE,KDE,44,5.132427691981727,4.933044066612048,0.18861282540010404,522.0,468.0,0.7594410668136788,no difference,0.9300257959703024,no difference
new-bench,S2,Orientation clusters,oc1_spread_err_deg,EVAE,KDE,44,3.58633304527697,3.213319791201072,0.48169778559726906,671.0,319.0,0.03970191429891656,worse,0.15086727433588293,no difference
new-bench,S2,Orientation clusters,oc1_share_err,EVAE,KDE,50,0.1172577422577422,0.1136363636363636,0.017487373737373725,789.5,485.5,0.142287938948927,no difference,0.35898949686607584,no difference
new-bench,S2,Orientation clusters,oc2_centre_err_deg,EVAE,KDE,48,4.227010807250209,3.766391314424445,0.03214441402936785,676.0,500.0,0.3727834415125031,no difference,0.6295898123322274,no difference
new-bench,S2,Orientation clusters,oc2_spread_err_deg,EVAE,KDE,48,3.0941881502792388,2.7390100316637556,0.3977639767632737,855.0,321.0,0.005521578090167623,worse,0.037027053075241706,worse
new-bench,S2,Orientation clusters,oc2_share_err,EVAE,KDE,50,0.10933919022154312,0.11721611721611717,0.0,666.0,609.0,0.7832067760874973,no difference,0.9398481313049968,no difference
new-bench,S2,Orientation clusters,oc3_centre_err_deg,EVAE,KDE,42,3.8640568283237067,4.209338312739126,-0.026761881133066767,422.0,481.0,0.7196615585762629,no difference,0.9284451914279214,no difference
new-bench,S2,Orientation clusters,oc3_spread_err_deg,EVAE,KDE,42,2.799878702680321,2.8150308815777354,-0.2743893923522679,393.0,510.0,0.47226134980019197,no difference,0.7375040257153683,no difference
new-bench,S2,Orientation clusters,oc3_share_err,EVAE,KDE,50,0.1048534798534798,0.1,-0.01366758241758247,479.0,796.0,0.12600346677035387,no difference,0.3372404331805031,no difference
new-bench,S2,Orientation clusters,oc4_centre_err_deg,EVAE,KDE,22,4.642585958947795,4.051001984636708,-0.2900260825970795,133.0,120.0,0.8485937118530273,no difference,0.9556657014814922,no difference
new-bench,S2,Orientation clusters,oc4_spread_err_deg,EVAE,KDE,22,2.863561553535639,2.8966622213380377,-0.18008447444137443,138.0,115.0,0.7261838912963867,no difference,0.9284451914279214,no difference
new-bench,S2,Orientation clusters,oc4_share_err,EVAE,KDE,50,0.0714285714285714,0.0765567765567765,0.002083333333333298,722.5,552.5,0.41183579653490243,no difference,0.6755292202155234,no difference
new-bench,S2,Orientation clusters,unclustered_share_err,EVAE,KDE,50,0.06952942890442887,0.0625,0.0,817.5,457.5,0.08146759238679822,no difference,0.26161424034070413,no difference
new-bench,S2,Orientation clusters,cluster_share_tv,EVAE,KDE,50,0.26867525856496444,0.2560668498168498,0.013249883286647945,831.0,444.0,0.06207125225267518,no difference,0.21461893406076876,no difference
new-bench,S2,Length,len_w1_m,EVAE,KDE,50,1.5408219656179554,1.6551498324037104,-0.2449197815836458,257.0,1018.0,0.00014253035612021847,better,0.0017103642734426217,better
new-bench,S2,Length,len_med_err_m,EVAE,KDE,50,1.0245520666072836,1.0337652019604753,-0.19540634067415447,367.0,908.0,0.008333363871146915,better,0.04634163323467065,better
new-bench,S2,Length,len_p90_err_m,EVAE,KDE,50,1.7652477956715802,1.8965166538216054,-0.7637511100735425,337.0,938.0,0.0032054206503495664,better,0.025201238216541418,better
new-bench,S2,Length,oc1_len_w1_m,EVAE,KDE,44,3.0485745568060936,2.671495162326388,0.010398527993102258,558.0,432.0,0.46952657598330916,no difference,0.7375040257153683,no difference
new-bench,S2,Length,oc2_len_w1_m,EVAE,KDE,48,2.4969872272333204,2.178859747778759,0.09071039427868044,794.0,382.0,0.034205064013136166,worse,0.1322905976893538,no difference
new-bench,S2,Length,oc3_len_w1_m,EVAE,KDE,42,2.624268479611134,2.268586473237346,0.22350770170634682,667.0,236.0,0.006279030217683612,worse,0.040903396846624675,worse
new-bench,S2,Length,oc4_len_w1_m,EVAE,KDE,22,2.3945086962881956,2.382567186289016,-0.04540559928234944,131.0,122.0,0.898735523223877,no difference,0.966564619316245,no difference
new-bench,S2,Density,P20_relerr,EVAE,KDE,50,0.24264705882352938,0.1666666666666666,0.04166666666666666,773.5,501.5,0.18886617135910255,no difference,0.39505951440252646,no difference
new-bench,S2,Density,P21_relerr,EVAE,KDE,50,0.2349121719977005,0.2674591625376742,-0.022059280308763363,367.0,908.0,0.008333363871146915,better,0.04634163323467065,better
new-bench,S2,Density,P22_relerr,EVAE,KDE,38,0.6190476190476191,2.0,-1.0,26.0,715.0,5.682953007380863e-07,better,2.5914265713656735e-05,better
new-bench,S2,Density,nn_w1_m,EVAE,KDE,50,1.2992160636479964,0.8459614560169226,0.3489113185402454,750.0,525.0,0.28229295463063053,no difference,0.5390861511230469,no difference
new-bench,S2,Density,cluster_vmr_err,EVAE,KDE,50,0.2134037015615963,0.2883241758241758,-0.05637383449883443,455.5,819.5,0.07893367062330277,no difference,0.2570982414587576,no difference
new-bench,S2,Density,oc1_count_relerr,EVAE,KDE,47,0.3333333333333333,0.3333333333333333,0.0,579.0,549.0,0.8732562876994032,no difference,0.9622308205867159,no difference
new-bench,S2,Density,oc2_count_relerr,EVAE,KDE,50,0.5,0.5,0.0,638.5,636.5,0.9922594131298794,no difference,1.0,no difference
new-bench,S2,Density,oc3_count_relerr,EVAE,KDE,48,0.5,0.5,0.0,517.5,658.5,0.45729042374072515,no difference,0.7240560910376426,no difference
new-bench,S2,Density,oc4_count_relerr,EVAE,KDE,34,0.5,0.5,0.0,284.0,311.0,0.8082627281756114,no difference,0.9506308058827273,no difference
new-bench,S2,Topology,term_share_err,EVAE,KDE,50,0.07428221288515402,0.07034647268276395,-0.003128483835005573,510.5,764.5,0.22021132260663334,no difference,0.4404226452132667,no difference
new-bench,S2,Topology,CL_err,EVAE,KDE,50,0.5909090909090908,0.8784961415396197,-0.3280863069865628,155.0,1120.0,5.572207957271758e-07,better,2.5914265713656735e-05,better
new-bench,S2,Topology,node_tv,EVAE,KDE,50,0.1368114056043117,0.17859187309547217,-0.045737041596174685,182.0,1093.0,3.006746544187422e-06,better,6.855382120747322e-05,better
new-stretch,S3,Orientation distribution,orient_w1_deg,EVAE,KDE,50,14.796380412870027,14.287175569865079,0.7580240931167914,814.0,461.0,0.0894381024777875,no difference,0.27289306640625,no difference
new-stretch,S3,Orientation distribution,oc1_w1_deg,EVAE,KDE,45,7.346296868076513,7.189934131050091,0.0797482378548997,542.0,493.0,0.7884889043277781,no difference,0.9412328282027926,no difference
new-stretch,S3,Orientation distribution,oc2_w1_deg,EVAE,KDE,48,6.702213442813079,6.3879998192190435,0.17308939895672193,632.0,544.0,0.6582943823976919,no difference,0.8881131312820932,no difference
new-stretch,S3,Orientation distribution,oc3_w1_deg,EVAE,KDE,39,5.579012699026016,6.33055654963701,0.08361911302716507,391.0,389.0,0.9944965508257155,no difference,1.0,no difference
new-stretch,S3,Orientation distribution,oc4_w1_deg,EVAE,KDE,22,5.762530916309315,5.565455969806606,-0.08108713031158343,121.0,132.0,0.8736042976379395,no difference,0.9622308205867159,no difference
new-stretch,S3,Orientation clusters,oc1_centre_err_deg,EVAE,KDE,45,5.496814873802324,5.117188939437561,-0.28902528112639736,500.0,535.0,0.8493055499924935,no difference,0.9556657014814922,no difference
new-stretch,S3,Orientation clusters,oc1_spread_err_deg,EVAE,KDE,45,3.4626643686097633,3.194305632094426,0.389835499293091,666.0,369.0,0.09504939207556617,no difference,0.27783668452857807,no difference
new-stretch,S3,Orientation clusters,oc1_share_err,EVAE,KDE,50,0.1428571428571428,0.1255252100840336,-0.0013736263736264034,662.0,613.0,0.81303950503128,no difference,0.9506308058827273,no difference
new-stretch,S3,Orientation clusters,oc2_centre_err_deg,EVAE,KDE,48,4.275206542333368,4.593532226645991,-0.14514783980771662,527.0,649.0,0.5382521028626854,no difference,0.779296875,no difference
new-stretch,S3,Orientation clusters,oc2_spread_err_deg,EVAE,KDE,48,2.8328840982022747,2.88431757851465,0.0860265501559323,639.0,537.0,0.6075687171091317,no difference,0.8446687042736709,no difference
new-stretch,S3,Orientation clusters,oc2_share_err,EVAE,KDE,50,0.11483516483516479,0.1091269841269841,0.0008741258741258723,769.5,505.5,0.20255463517109262,no difference,0.4160581695406227,no difference
new-stretch,S3,Orientation clusters,oc3_centre_err_deg,EVAE,KDE,39,4.438424815540026,4.206498562188189,0.22008129087120798,382.0,398.0,0.9175913478975417,no difference,0.9708029136130337,no difference
new-stretch,S3,Orientation clusters,oc3_spread_err_deg,EVAE,KDE,39,2.629812422320348,2.572149801279509,-0.25860145592610273,293.0,487.0,0.18011900745113962,no difference,0.3930314698610943,no difference
new-stretch,S3,Orientation clusters,oc3_share_err,EVAE,KDE,50,0.10531517094017087,0.13636363636363635,-0.016014194139194075,373.5,901.5,0.010809669834801656,better,0.05731638889150645,no difference
new-stretch,S3,Orientation clusters,oc4_centre_err_deg,EVAE,KDE,22,4.238919724864102,4.220549643902258,-0.10917444882102245,123.0,130.0,0.9239659309387207,no difference,0.9708029136130337,no difference
new-stretch,S3,Orientation clusters,oc4_spread_err_deg,EVAE,KDE,22,2.674159205855693,1.9828169750343392,0.5797788947597936,158.0,95.0,0.32088327407836914,no difference,0.5650122905939218,no difference
new-stretch,S3,Orientation clusters,oc4_share_err,EVAE,KDE,50,0.08276435574229687,0.08287545787545786,-0.0037545787545787447,487.5,787.5,0.14741174197391016,no difference,0.35898949686607584,no difference
new-stretch,S3,Orientation clusters,unclustered_share_err,EVAE,KDE,50,0.0588235294117647,0.0669642857142857,0.0,607.5,667.5,0.7682469884395358,no difference,0.9317037944905008,no difference
new-stretch,S3,Orientation clusters,cluster_share_tv,EVAE,KDE,50,0.28516483516483515,0.27525252525252525,0.013955999066293218,814.5,460.5,0.08751944766327258,no difference,0.27289306640625,no difference
new-stretch,S3,Length,len_w1_m,EVAE,KDE,50,1.5344560790729995,1.6548594341022183,-0.25858996136680956,208.0,1067.0,1.2965142769161275e-05,better,0.00024633771261406423,better
new-stretch,S3,Length,len_med_err_m,EVAE,KDE,50,0.8892269931464659,1.040673940552157,-0.09303914248175171,499.0,776.0,0.18444897927691706,no difference,0.3930314698610943,no difference
new-stretch,S3,Length,len_p90_err_m,EVAE,KDE,50,2.2680127480932804,2.211617055444663,-0.4428644813154453,397.0,878.0,0.01958777690517799,better,0.08426439876189777,no difference
new-stretch,S3,Length,oc1_len_w1_m,EVAE,KDE,45,3.081471810762601,2.65426472804195,0.021036967294623565,545.0,490.0,0.7627843151159936,no difference,0.9300257959703024,no difference
new-stretch,S3,Length,oc2_len_w1_m,EVAE,KDE,48,2.1716824371083767,2.1909403833573693,0.06356037003430082,816.0,360.0,0.018660805901902222,worse,0.08342477932615111,no difference
new-stretch,S3,Length,oc3_len_w1_m,EVAE,KDE,39,2.248651642175888,2.2696668585206607,0.02431100240000017,424.0,356.0,0.643712874083576,no difference,0.8736103291134246,no difference
new-stretch,S3,Length,oc4_len_w1_m,EVAE,KDE,22,2.4850541449158223,2.4902688651428537,0.10773249480973002,138.0,115.0,0.7261838912963867,no difference,0.9284451914279214,no difference
new-stretch,S3,Density,P20_relerr,EVAE,KDE,50,0.2222222222222222,0.202020202020202,0.0,788.0,487.0,0.14357320774071347,no difference,0.35898949686607584,no difference
new-stretch,S3,Density,P21_relerr,EVAE,KDE,50,0.24726851928215177,0.2502630451999915,-0.005304399087639924,598.0,677.0,0.7089524432753507,no difference,0.9284451914279214,no difference
new-stretch,S3,Density,P22_relerr,EVAE,KDE,38,0.6666666666666666,1.5,-0.5,155.5,585.5,0.001804482470364082,better,0.015237851971963359,better
new-stretch,S3,Density,nn_w1_m,EVAE,KDE,50,1.2002426489049707,0.9071267211069737,0.32654185490245946,757.0,518.0,0.25308251223662737,no difference,0.49318643410214563,no difference
new-stretch,S3,Density,cluster_vmr_err,EVAE,KDE,50,0.2484768907563025,0.2857142857142857,-0.011572802197802212,598.0,677.0,0.7029756615707294,no difference,0.9264650337463948,no difference
new-stretch,S3,Density,oc1_count_relerr,EVAE,KDE,47,0.5,0.4,0.0,660.0,468.0,0.3083487006725283,no difference,0.5649554375989531,no difference
new-stretch,S3,Density,oc2_count_relerr,EVAE,KDE,50,0.5,0.46428571428571425,0.0,651.5,623.5,0.8903840936778167,no difference,0.966564619316245,no difference
new-stretch,S3,Density,oc3_count_relerr,EVAE,KDE,49,0.5,0.5,0.0,442.0,783.0,0.08389366728299959,no difference,0.2656632797294987,no difference
new-stretch,S3,Density,oc4_count_relerr,EVAE,KDE,35,0.5,0.6666666666666666,0.0,256.5,373.5,0.3097343407888997,no difference,0.5649554375989531,no difference
new-stretch,S3,Topology,term_share_err,EVAE,KDE,50,0.07572684246112232,0.07596153846153843,0.002953559850111573,655.5,619.5,0.8620540593649781,no difference,0.9587723196839757,no difference
new-stretch,S3,Topology,CL_err,EVAE,KDE,50,0.5080379978078187,0.754862700228833,-0.2916393198715854,261.0,1014.0,0.00017022784864551,better,0.001940597474558814,better
new-stretch,S3,Topology,node_tv,EVAE,KDE,50,0.12992224322869478,0.16040680063849397,-0.03573416050405885,230.0,1045.0,4.011462634423424e-05,better,0.0006532953433203861,better
