0.000000000000000000e+00,2.914197741580569212e-01,2.319856279899982221e-01,4.755936415383659188e-01
1.000000000000000000e+00,6.161907432825849407e-01,8.958275198865898181e-01,9.857798753462153618e-01
7.648513046832936535e-01,2.289358509813177456e-01,4.712339909938914051e-01,9.659643040861261021e-01
3.990561321574532805e-01,9.478846024288233307e-01,4.575188282772143511e-01,1.000000000000000000e+00
4.152005462022496651e-01,3.502230400653621456e-01,5.881238432554529716e-01,5.348405485538700876e-01
5.657396969407317566e-02,6.031825399560539758e-01,4.365829803206066478e-02,1.000000000000000000e+00
0.000000000000000000e+00,6.097379215138563069e-01,1.654692934663158643e-01,6.879105002110980083e-01
3.866260119696793840e-01,3.914036537065888610e-01,1.308270624855818465e-01,8.178504919156646125e-01
1.846108128980369356e-01,0.000000000000000000e+00,2.595661000262090012e-01,5.413304778103329024e-02
8.701062879853795895e-01,0.000000000000000000e+00,9.900296531591727955e-01,1.779351838453469836e-01
3.467314565678403793e-01,9.788394362863776788e-02,1.997178470591737809e-01,3.361655434853148550e-01
6.420005181669355965e-01,7.422769428045976614e-01,4.610634228349564934e-01,8.713224767892133737e-01
