1.254310436275488383e-01,3.308719513777473864e-01,1.071328841421121114e-01,5.741612794038077894e-01
6.984211423568567056e-01,8.257161181280096018e-01,6.562713167495886069e-01,9.715551335504571950e-01
9.817382711284335928e-01,3.249558273334775538e-01,9.090546947605434580e-01,4.098602470378603368e-01
6.027155275317355176e-01,1.596950960342559678e-01,3.350381498364285449e-01,9.336821365173186837e-01
5.259453424679716438e-02,8.577502039298315339e-02,4.455140613628677526e-01,4.906744334377358685e-01
4.686776358149883914e-01,2.857670043739561905e-01,1.763981026150348019e-01,6.582165504661317001e-01
9.645697352160382820e-01,4.727974731584229096e-01,9.493716481457781242e-01,7.575105827192626373e-01
9.450621873552037533e-01,5.475242011044465507e-01,6.268796652143763248e-01,8.306889660861052072e-01
5.618076626845787125e-01,3.176018305715325729e-01,8.213821347168495102e-01,5.533904127184149369e-01
6.928076938079698044e-01,2.597970038134275184e-01,4.229923292709486526e-01,3.934890360158266320e-01
8.896504165824287158e-02,8.436283252607753580e-01,2.015965249614083410e-01,1.000000000000000000e+00
4.194942199670813054e-01,6.564998993508067704e-01,4.525383627927758723e-01,7.190581193335804366e-01
1.877154301485016719e-01,7.874487561594348817e-01,5.501104403654143438e-01,8.791277485479015441e-01
8.470518332925797145e-01,5.014291226541774116e-02,9.313217657598494847e-01,2.089607137473843967e-01
