1.201770020727159771e-01,2.281478395321761554e-01,1.440933929677961078e-01,5.631644377848710192e-01
1.000000000000000000e+00,5.637113802440348875e-01,8.036216935513735837e-01,9.031140381779150239e-01
9.483464073299896491e-01,3.682319656295639509e-01,2.420084167361724603e-01,7.828319534378188616e-01
4.095629859342381218e-01,9.180680900255375754e-01,4.908329438791468879e-01,9.765901178678340067e-01
4.307308469158819264e-01,3.495388182272181066e-01,5.549239244120904857e-01,5.407166329751744716e-01
2.537620995343057295e-01,5.535775582234450098e-01,0.000000000000000000e+00,9.647545371810889447e-01
5.369630253881628457e-02,5.602076741548503991e-01,2.212778946104604350e-01,6.377299336103473548e-01
5.445986674018072904e-01,4.668935900616354995e-01,8.172449610756160610e-02,7.088898057055764701e-01
1.957550202301363840e-01,0.000000000000000000e+00,3.099136724766561324e-01,6.335807452483042945e-02
7.366530779052175015e-01,0.000000000000000000e+00,9.634370162646399560e-01,1.926445406338276323e-01
4.012454462636363961e-01,1.467210929190009838e-01,2.431889461886035941e-01,3.880330641473442310e-01
6.892679262524218364e-01,5.223419907305599796e-01,7.637756538028149800e-01,9.210885522153018368e-01
6.266859915931931591e-01,6.919865126263295974e-01,4.556412550727614308e-01,8.020136838305795823e-01
4.547398460666945974e-02,0.000000000000000000e+00,0.000000000000000000e+00,5.302894842977132206e-02
