1.400399187302677484e-01,6.058786617414690934e-02,0.000000000000000000e+00,4.065705070598805149e-01
7.910988113633197205e-01,5.273461453435913660e-01,9.590209939726788146e-01,9.627663977624877356e-01
4.664225493678869072e-01,8.941611964608566776e-01,5.384894587689836865e-01,1.000000000000000000e+00
5.407423735625908889e-02,7.630263268297332591e-01,1.640460246705277014e-01,9.824394286329132253e-01
5.650363201904380350e-01,2.305431949528613800e-01,7.438833480071938009e-01,3.256936681834301517e-01
3.538068791805903945e-01,5.870391999997187638e-01,9.394404683717083593e-02,7.570292080126713730e-01
1.869078712417483468e-01,3.872492817192082493e-01,0.000000000000000000e+00,6.286484604213530281e-01
6.485925619266259545e-01,5.411933356459619482e-01,2.491793330051673139e-01,8.462432926957128565e-01
7.969012601748455271e-01,5.334928475540851034e-02,7.421575443371783987e-01,1.294966951735618266e-01
9.497495573987466688e-01,5.403221208679850340e-01,1.000000000000000000e+00,5.793638006963707232e-01
5.177087641273215857e-01,3.148664151129502708e-01,4.622848176445289448e-01,4.159515585007887428e-01
8.240126482776548578e-01,1.495250232600751072e-01,3.989177830883119946e-01,9.167763225651202053e-01
