1.242241485849506916e-01,6.081150986497996236e-01,4.732025425280260433e-02,6.287284873182179545e-01
8.032601431730572727e-01,1.283471334534358466e-02,7.860521718141253444e-01,3.528885389511041693e-01
6.346812489916073829e-01,0.000000000000000000e+00,6.144597183442146449e-01,1.218359017363478403e-01
5.870533025571138541e-01,4.034872119956786074e-01,6.859873180721306474e-01,1.000000000000000000e+00
1.112768309917515352e-01,1.261284460442496091e-01,6.986034337615312784e-02,3.265219221694039553e-01
4.661226286987575906e-01,2.896978758708015911e-01,3.673794851203647238e-01,7.520450450047477808e-01
1.355106781227367607e-01,3.259863735022101583e-01,3.501614083545429024e-01,6.734078048882927714e-01
2.119190828962725648e-01,6.782686761706038236e-01,1.505382520989972106e-01,9.329905458600358248e-01
3.525951833284551862e-01,0.000000000000000000e+00,5.181740523482588623e-01,1.764815935602894181e-01
8.150436156782245867e-01,2.095797706781905023e-01,3.570458418336772688e-01,8.856506894887405945e-01
8.896011603909277365e-01,4.023451208467323514e-01,1.000000000000000000e+00,5.397822209339492305e-01
3.565496662908690384e-01,2.508075215610778286e-01,2.503790994829041550e-01,2.988765261378967808e-01
8.739587273065612116e-01,2.630168732576267931e-01,5.939610992010071477e-01,4.434725705213649061e-01
9.058708749403228122e-01,9.700259986806826218e-01,9.401578106294403714e-01,9.947394308160825149e-01
