1.907729823124070523e-01,5.145566196949046267e-01,1.169417779910902622e-01,6.775766877620655881e-01
9.213902062351089217e-01,2.815026038822008858e-01,1.000000000000000000e+00,3.403903298848299230e-01
4.637001310969580681e-01,2.118893957195632505e-01,4.613137091015587776e-01,2.961739206256515655e-01
2.931216204510997403e-01,8.145310449166980327e-01,4.155661348859010507e-01,8.790000000000000036e-01
3.458700073844024336e-01,1.850172671163692606e-01,0.000000000000000000e+00,3.122193854498979682e-01
5.367476740105268096e-01,2.688593808191966916e-01,3.945322845147875013e-02,6.434499677640247439e-01
-1.387778780781445676e-17,7.358958676684286271e-01,1.846510466860894761e-01,7.997846321192166874e-01
1.324627016141299851e-02,7.179772280579289623e-01,2.951277627406100890e-01,8.790000000000000036e-01
3.431804726436782360e-01,0.000000000000000000e+00,4.605239799307922488e-01,1.350512650933974879e-01
9.376502603301937189e-01,2.288228923933869896e-01,2.427206665268009100e-01,8.506202047211759432e-01
6.605365544492747265e-01,6.122956942204891284e-01,8.423973053758595508e-01,8.168030310984195630e-01
9.095221275531026883e-01,0.000000000000000000e+00,1.000000000000000000e+00,1.262826467555832333e-01
