5.764671648438510765e-01,8.332713537000434600e-01,6.811205127544699423e-01,1.000000000000000000e+00
8.078387036565983781e-01,6.934402101961698595e-01,1.000000000000000000e+00,8.613670265857215069e-01
1.960778704022476115e-01,6.195485380315876034e-01,0.000000000000000000e+00,6.731141374091249574e-01
3.893435249317414026e-01,3.694375922587660455e-01,1.538721075069182931e-01,7.259031365009995795e-01
0.000000000000000000e+00,1.761675329557255421e-01,3.906796139654910016e-01,5.684794501835570557e-01
7.891143272391668018e-03,1.920726417506622014e-02,2.536000063915335168e-01,1.185087609389932350e-01
7.060724478437522267e-01,2.348656170526630116e-01,9.415935296342751171e-01,6.471400744756572454e-01
7.939939580596773183e-01,1.141744838160402287e-02,4.850730814300687754e-01,4.151614309747802545e-01
7.102998751296168978e-01,0.000000000000000000e+00,9.214440344404695171e-01,1.262520706049269914e-01
3.860188213943036017e-01,7.670533617106536917e-02,2.597992928863970818e-01,1.868316833201303095e-01
-3.469446951953614189e-18,8.501480855966494499e-01,4.964662952481251057e-02,8.880247180402860430e-01
4.586234633428630802e-01,2.379153075384661253e-01,4.241053517358722713e-01,4.642123875451520387e-01
4.048348583539289613e-01,8.234711238849410364e-01,4.000662164331582060e-01,1.000000000000000000e+00
9.570632998812792502e-01,0.000000000000000000e+00,1.000000000000000000e+00,8.085542914005000581e-02
8.799347024910693094e-01,3.660418411849395426e-01,1.000000000000000000e+00,4.670894145737776171e-01
5.535217101178117050e-01,1.417835915577638217e-01,6.118686621584944474e-01,9.252589976298581931e-01
