2.516754457290830693e-01,0.000000000000000000e+00,0.000000000000000000e+00,1.721641048229109738e-01
3.948915079661151073e-01,4.461335711815042071e-01,2.998851822815569168e-01,5.592082151053549000e-01
4.617900803735309201e-01,4.439616427058785952e-02,4.361497860927499026e-01,1.106080457604261963e-01
6.070039650441222401e-01,7.741156244833465871e-01,5.833503382864567710e-01,8.047877326083779925e-01
8.113640001942834523e-02,2.379722688206950976e-03,1.539462584709976045e-01,1.445304123529309870e-01
6.682829443203063269e-01,4.407932457808010906e-01,8.252949217974409057e-01,7.190927306614584014e-01
8.180890861943899139e-01,8.936467445040802149e-01,9.207701858142283147e-01,1.000000000000000000e+00
8.781990464702708055e-01,6.946102027304413840e-01,1.000000000000000000e+00,8.646086875692040596e-01
7.614142838243190270e-02,2.893433760151665757e-01,3.301480346279955791e-01,3.660141464814092860e-01
9.230435255211335566e-01,3.843855784482180238e-01,1.000000000000000000e+00,4.116973084828634555e-01
0.000000000000000000e+00,8.370868271361873170e-01,2.080429089781105911e-01,1.000000000000000000e+00
1.878830637081939092e-01,5.577216793519738092e-01,1.742449250990549536e-01,1.000000000000000000e+00
4.569969566456195120e-01,2.803864033875342887e-01,4.806983001195533900e-01,7.310300657127133395e-01
1.413332270536115098e-01,5.774231259386596316e-01,0.000000000000000000e+00,5.898902408509022477e-01
