5.708397523517825395e-02,7.854792197795124054e-01,1.437099329661936653e-02,8.790000000000000036e-01
3.523141273567016452e-01,7.160693526437564849e-01,2.703934780052368314e-01,7.350717663595394136e-01
6.837155844216291634e-01,2.275738915757044567e-01,1.335213250766449367e-01,8.790000000000000036e-01
0.000000000000000000e+00,7.657655760291565139e-03,7.406886912126800504e-02,1.407110778388268035e-01
3.782078690529172560e-01,1.250950457164860530e-01,8.181891970634157518e-01,5.171052454402826903e-01
5.588550316588193345e-01,5.189758060196663081e-01,6.816592973108641651e-01,8.790000000000000036e-01
9.896171998934227831e-01,1.489395008273197707e-01,8.823575067563574903e-01,4.293154372982905809e-01
6.011769675790392675e-01,1.155435974434735613e-01,9.671881294668591700e-01,2.799932425185320817e-01
1.935405296533588837e-01,3.018540740346105644e-01,5.288097138709979550e-02,5.388800501490441652e-01
8.644100251075125252e-01,4.283667713358834117e-01,8.649051365975045647e-01,5.204762309834525258e-01
3.664491960732601528e-01,6.784503660981509865e-02,3.892593791754581090e-01,1.180496761959328872e-01
9.964872433540937768e-01,5.916424434630817020e-01,9.204378252450290399e-01,8.790000000000000036e-01
8.706606826495685292e-01,2.693515416800357221e-02,1.000000000000000000e+00,1.388387405314584488e-01
8.937010739842075058e-01,4.679743590396696629e-01,1.000000000000000000e+00,7.398676607066279054e-01
8.220879353434518144e-02,1.807827807964493272e-02,2.938813754185967131e-01,3.031339242309172288e-01
7.728891839585568801e-01,6.331689363177294139e-01,8.569935093321535691e-01,7.743471855465894338e-01
0.000000000000000000e+00,2.241699852052778108e-01,9.420831911449811802e-02,3.356838246990472285e-01
5.143466837165145966e-01,3.812420711470733137e-01,7.663058393242568878e-01,7.024132862137665301e-01
3.104166530014277892e-01,1.489022891762105116e-01,7.132986286934064335e-01,8.790000000000000036e-01
