test,scheme,group,score,first,second,n_panels,median_first,median_second,median_diff,rank_sum_plus,rank_sum_minus,p,result
gap-filling,S1,Orientation distribution,orient_w1_deg,EVAE,Random context,20,12.85811298804444,15.369051748792362,-1.3656425925339066,13.0,197.0,0.0001678466796875,better
gap-filling,S1,Orientation distribution,oc1_w1_deg,EVAE,Random context,18,7.1694298411302295,7.6873738979015975,-0.9402397489548329,46.0,125.0,0.0897674560546875,no difference
gap-filling,S1,Orientation distribution,oc2_w1_deg,EVAE,Random context,19,6.418187587374883,6.263011001441735,0.1938835696042993,106.0,84.0,0.6794281005859375,no difference
gap-filling,S1,Orientation distribution,oc3_w1_deg,EVAE,Random context,18,6.924123117962743,6.344651447031949,0.24865787886231816,112.0,59.0,0.2645263671875,no difference
gap-filling,S1,Orientation distribution,oc4_w1_deg,EVAE,Random context,8,14.639138711257488,10.633553215282285,0.7334288204449271,28.5,7.5,0.15625,no difference
gap-filling,S1,Orientation clusters,oc1_centre_err_deg,EVAE,Random context,18,5.08240945936241,6.1257880580643835,-1.176192444683283,42.0,129.0,0.0599365234375,no difference
gap-filling,S1,Orientation clusters,oc1_spread_err_deg,EVAE,Random context,18,3.665201821814707,3.3475762634218826,0.07827823885569352,113.0,58.0,0.24620819091796875,no difference
gap-filling,S1,Orientation clusters,oc1_share_err,EVAE,Random context,20,0.1157280219780219,0.14163614163614163,-0.035296239708004454,26.0,184.0,0.0019855499267578125,better
gap-filling,S1,Orientation clusters,oc2_centre_err_deg,EVAE,Random context,19,3.9324904645274366,4.663588639208076,-0.42406599845433535,80.0,110.0,0.5677604675292969,no difference
gap-filling,S1,Orientation clusters,oc2_spread_err_deg,EVAE,Random context,19,3.398050095995439,3.338135013060951,-0.0019297112646454728,88.0,102.0,0.7982521057128906,no difference
gap-filling,S1,Orientation clusters,oc2_share_err,EVAE,Random context,20,0.1152597402597402,0.11417748917748918,-2.7755575615628914e-17,94.0,116.0,0.6812960891900375,no difference
gap-filling,S1,Orientation clusters,oc3_centre_err_deg,EVAE,Random context,18,5.171186192574453,5.591124919709204,-0.2148070823308026,95.0,76.0,0.7018814086914062,no difference
gap-filling,S1,Orientation clusters,oc3_spread_err_deg,EVAE,Random context,18,4.031504880562494,3.2608807340728863,0.1936621595450536,115.0,56.0,0.2121429443359375,no difference
gap-filling,S1,Orientation clusters,oc3_share_err,EVAE,Random context,20,0.1094934477287418,0.11721611721611722,-0.012167437825332625,60.0,150.0,0.09293465271054127,no difference
gap-filling,S1,Orientation clusters,oc4_centre_err_deg,EVAE,Random context,8,14.69570393112665,10.410498718228704,0.0,20.5,15.5,0.78125,no difference
gap-filling,S1,Orientation clusters,oc4_spread_err_deg,EVAE,Random context,8,8.151336584021363,7.394983894797555,0.13646634814101777,27.0,9.0,0.25,no difference
gap-filling,S1,Orientation clusters,oc4_share_err,EVAE,Random context,20,0.08688387635756051,0.09059739280327517,0.00578449328449325,154.0,56.0,0.069580078125,no difference
gap-filling,S1,Orientation clusters,unclustered_share_err,EVAE,Random context,20,0.0470691481720893,0.0652281746031746,0.0,91.0,119.0,0.6010858928640315,no difference
gap-filling,S1,Orientation clusters,cluster_share_tv,EVAE,Random context,20,0.27142857142857135,0.3042449874686717,-0.032553210678210764,33.0,177.0,0.005580902099609375,better
gap-filling,S1,Length,len_w1_m,EVAE,Random context,20,1.4277038264340511,1.4392067853082282,-0.054184704535343964,66.0,144.0,0.15364646911621094,no difference
gap-filling,S1,Length,len_med_err_m,EVAE,Random context,20,0.5437361904273001,0.639352680515336,-0.07059420410985606,44.0,166.0,0.021484375,better
gap-filling,S1,Length,len_p90_err_m,EVAE,Random context,20,1.4982984521359062,1.7079481839630606,-0.18817459193153907,66.0,144.0,0.15364646911621094,no difference
gap-filling,S1,Length,oc1_len_w1_m,EVAE,Random context,18,3.036195534740658,3.169922309484946,-0.21735256583397966,53.0,118.0,0.16735076904296875,no difference
gap-filling,S1,Length,oc2_len_w1_m,EVAE,Random context,19,2.72991724380183,2.789088061583433,0.11954382494840221,126.0,64.0,0.22532272338867188,no difference
gap-filling,S1,Length,oc3_len_w1_m,EVAE,Random context,18,2.948479823474675,2.906618113112475,0.41800309373862277,133.0,38.0,0.03849029541015625,worse
gap-filling,S1,Length,oc4_len_w1_m,EVAE,Random context,8,7.525982323789384,4.344405063745974,-0.050518233208111774,13.5,22.5,0.59375,no difference
gap-filling,S1,Density,P20_relerr,EVAE,Random context,20,0.21637426900584789,0.21527777777777776,-2.7755575615628914e-17,61.5,148.5,0.1039289772464147,no difference
gap-filling,S1,Density,P21_relerr,EVAE,Random context,20,0.23716737191622173,0.23490520125598302,-0.006458475686317161,77.0,133.0,0.3117942810058594,no difference
gap-filling,S1,Density,P22_relerr,EVAE,Random context,15,0.75,0.5,0.0,59.0,61.0,0.9535223918760517,no difference
gap-filling,S1,Density,nn_w1_m,EVAE,Random context,20,1.1372092084995309,1.1666839634072415,-0.005315708795832208,90.0,120.0,0.5958194732666016,no difference
gap-filling,S1,Density,cluster_vmr_err,EVAE,Random context,20,0.16666666666666666,0.16800595238095237,-0.009333028083028161,64.0,146.0,0.13272666931152344,no difference
gap-filling,S1,Density,oc1_count_relerr,EVAE,Random context,18,0.3333333333333333,0.5,-0.16666666666666666,10.0,161.0,0.000988027387921163,better
gap-filling,S1,Density,oc2_count_relerr,EVAE,Random context,20,0.5,0.42857142857142855,0.0,115.5,94.5,0.6927928485300097,no difference
gap-filling,S1,Density,oc3_count_relerr,EVAE,Random context,20,0.5,0.5,0.0,68.5,141.5,0.16821198816066874,no difference
gap-filling,S1,Density,oc4_count_relerr,EVAE,Random context,14,0.6666666666666666,0.5,0.0,75.0,30.0,0.14870558212614848,no difference
gap-filling,S1,Topology,term_share_err,EVAE,Random context,20,0.0695770413161717,0.06719924812030076,0.0030959752321981088,132.0,78.0,0.3299827575683594,no difference
gap-filling,S1,Topology,CL_err,EVAE,Random context,20,0.5388203299968006,0.4932914673046252,-0.01596320346320354,96.0,114.0,0.7561664581298828,no difference
gap-filling,S1,Topology,node_tv,EVAE,Random context,20,0.1242313242313242,0.11621330360460795,-0.0015343915343915687,113.0,97.0,0.7841262817382812,no difference
new-bench,S2,Orientation distribution,orient_w1_deg,EVAE,Random context,50,13.359216501605959,15.16936950896422,-1.127151018396133,202.0,1073.0,9.372738659862989e-06,better
new-bench,S2,Orientation distribution,oc1_w1_deg,EVAE,Random context,44,7.696537424934585,8.155941617955762,-0.27731348557648294,451.0,539.0,0.6150179039250361,no difference
new-bench,S2,Orientation distribution,oc2_w1_deg,EVAE,Random context,48,6.9341268933550175,7.176618971437571,-0.3281920931942066,473.0,703.0,0.2426604162413213,no difference
new-bench,S2,Orientation distribution,oc3_w1_deg,EVAE,Random context,42,6.262135169917221,6.482821682254551,0.03889691245736682,423.0,480.0,0.7289487666148489,no difference
new-bench,S2,Orientation distribution,oc4_w1_deg,EVAE,Random context,22,11.684958235404988,1000000000.0,0.0,133.5,119.5,0.8188085588458995,no difference
new-bench,S2,Orientation clusters,oc1_centre_err_deg,EVAE,Random context,44,5.465417507365567,6.06741726763778,-0.44122684013363855,457.0,533.0,0.6646805777380678,no difference
new-bench,S2,Orientation clusters,oc1_spread_err_deg,EVAE,Random context,44,3.6533499627961197,3.5479580676708866,-0.0847318938572128,468.0,522.0,0.7594410668136788,no difference
new-bench,S2,Orientation clusters,oc1_share_err,EVAE,Random context,50,0.1172577422577422,0.13470965309200605,-0.02974837662337662,241.0,1034.0,6.825250486741652e-05,better
new-bench,S2,Orientation clusters,oc2_centre_err_deg,EVAE,Random context,48,4.813268648264318,4.671549681684765,-0.023762262014849433,554.0,622.0,0.7334691516630301,no difference
new-bench,S2,Orientation clusters,oc2_spread_err_deg,EVAE,Random context,48,3.2624284394207637,3.094728713992559,0.0066465882321598,565.0,611.0,0.8191341050004866,no difference
new-bench,S2,Orientation clusters,oc2_share_err,EVAE,Random context,50,0.10933919022154312,0.10807421744921744,-2.42861286636753e-17,674.0,601.0,0.7245782514840182,no difference
new-bench,S2,Orientation clusters,oc3_centre_err_deg,EVAE,Random context,42,4.756394283518202,5.481972240680064,-0.224253268764397,377.0,526.0,0.3585380364006596,no difference
new-bench,S2,Orientation clusters,oc3_spread_err_deg,EVAE,Random context,42,3.4826895293830282,3.658981152850802,-0.20501369251100732,417.0,486.0,0.6738544278377958,no difference
new-bench,S2,Orientation clusters,oc3_share_err,EVAE,Random context,50,0.1048534798534798,0.116498778998779,-0.01549430961195674,345.0,930.0,0.004178445711550793,better
new-bench,S2,Orientation clusters,oc4_centre_err_deg,EVAE,Random context,22,11.675759156611438,1000000000.0,0.0,121.5,131.5,0.8700248686333938,no difference
new-bench,S2,Orientation clusters,oc4_spread_err_deg,EVAE,Random context,22,7.13694664905336,1000000000.0,0.0,90.5,162.5,0.2387512950579178,no difference
new-bench,S2,Orientation clusters,oc4_share_err,EVAE,Random context,50,0.0714285714285714,0.07142857142857142,-6.245004513516506e-17,498.5,776.5,0.17964378445126594,no difference
new-bench,S2,Orientation clusters,unclustered_share_err,EVAE,Random context,50,0.06952942890442887,0.06630036630036629,-2.0816681711721685e-17,572.5,702.5,0.5302503024212442,no difference
new-bench,S2,Orientation clusters,cluster_share_tv,EVAE,Random context,50,0.26867525856496444,0.3036594736962384,-0.03283197388267051,220.0,1055.0,2.4281497463363166e-05,better
new-bench,S2,Length,len_w1_m,EVAE,Random context,50,1.5408219656179554,1.602276442276501,-0.003734220520908882,658.0,617.0,0.8482444441392172,no difference
new-bench,S2,Length,len_med_err_m,EVAE,Random context,50,1.0245520666072836,0.8822787841956627,-0.03182850303660198,621.0,654.0,0.878334307774896,no difference
new-bench,S2,Length,len_p90_err_m,EVAE,Random context,50,1.7652477956715802,1.8351766531568332,-0.016987204135038292,615.0,660.0,0.8332778036429911,no difference
new-bench,S2,Length,oc1_len_w1_m,EVAE,Random context,44,3.179319740510204,3.347413787880408,-0.03227343345114431,403.0,587.0,0.28869126638937814,no difference
new-bench,S2,Length,oc2_len_w1_m,EVAE,Random context,48,2.5919987326165588,2.482345816919919,0.06321128897135253,720.0,456.0,0.17905311156172843,no difference
new-bench,S2,Length,oc3_len_w1_m,EVAE,Random context,42,3.0553389309658847,2.957925501661861,-0.03746993045790292,440.0,463.0,0.8917533789053778,no difference
new-bench,S2,Length,oc4_len_w1_m,EVAE,Random context,22,6.145413170923456,1000000000.0,0.0,71.5,181.5,0.07187708085224195,no difference
new-bench,S2,Density,P20_relerr,EVAE,Random context,50,0.24264705882352938,0.2540106951871658,0.0,518.0,757.0,0.2477862857023685,no difference
new-bench,S2,Density,P21_relerr,EVAE,Random context,50,0.2349121719977005,0.2527732279627702,-0.019646174938318106,362.0,913.0,0.007158095833210254,better
new-bench,S2,Density,P22_relerr,EVAE,Random context,38,0.6190476190476191,0.5714285714285714,0.0,286.0,455.0,0.21658787999276885,no difference
new-bench,S2,Density,nn_w1_m,EVAE,Random context,50,1.2992160636479964,1.2993965974633181,-0.01264100882003416,626.0,649.0,0.916185835362695,no difference
new-bench,S2,Density,cluster_vmr_err,EVAE,Random context,50,0.2134037015615963,0.22790404040404033,-0.0024305555555556163,464.0,811.0,0.09385575068726469,no difference
new-bench,S2,Density,oc1_count_relerr,EVAE,Random context,47,0.3333333333333333,0.5,-0.125,316.5,811.5,0.00858740716875025,better
new-bench,S2,Density,oc2_count_relerr,EVAE,Random context,50,0.5,0.5,0.0,713.5,561.5,0.45701699207213853,no difference
new-bench,S2,Density,oc3_count_relerr,EVAE,Random context,48,0.5,0.5,0.0,479.0,697.0,0.2569479106556669,no difference
new-bench,S2,Density,oc4_count_relerr,EVAE,Random context,34,0.5,0.5,0.0,240.0,355.0,0.29819649579799345,no difference
new-bench,S2,Topology,term_share_err,EVAE,Random context,50,0.07428221288515402,0.07310647155848393,-4.163336342344337e-17,653.5,621.5,0.877252284484036,no difference
new-bench,S2,Topology,CL_err,EVAE,Random context,50,0.5909090909090908,0.5399885706791078,0.032440321826511076,772.0,503.0,0.1976349682926415,no difference
new-bench,S2,Topology,node_tv,EVAE,Random context,50,0.1368114056043117,0.13651722016037537,0.008642504838156977,872.0,403.0,0.022974872408266123,worse
new-stretch,S3,Orientation distribution,orient_w1_deg,EVAE,Random context,50,14.796380412870027,15.171940816900724,-0.6371937969218937,312.0,963.0,0.0013303578723942167,better
new-stretch,S3,Orientation distribution,oc1_w1_deg,EVAE,Random context,45,7.497366903339728,7.970369356981848,0.051479622518310286,525.0,510.0,0.9376455211438497,no difference
new-stretch,S3,Orientation distribution,oc2_w1_deg,EVAE,Random context,48,7.11311194341943,6.730880693561678,0.11655504160620112,741.0,435.0,0.11844241250981469,no difference
new-stretch,S3,Orientation distribution,oc3_w1_deg,EVAE,Random context,39,7.039746916568177,8.177999333499427,-0.059688457804105255,293.0,487.0,0.17580032641213117,no difference
new-stretch,S3,Orientation distribution,oc4_w1_deg,EVAE,Random context,22,10.877023136760842,12.805483184208658,0.0,130.5,122.5,0.8965394978266089,no difference
new-stretch,S3,Orientation clusters,oc1_centre_err_deg,EVAE,Random context,45,5.770136368825671,6.544313786753996,-0.2784511342231255,485.0,550.0,0.7205201468991618,no difference
new-stretch,S3,Orientation clusters,oc1_spread_err_deg,EVAE,Random context,45,4.172318194543144,3.639377305428966,0.08273220657032487,543.0,492.0,0.7798940931282914,no difference
new-stretch,S3,Orientation clusters,oc1_share_err,EVAE,Random context,50,0.1428571428571428,0.16250716195569137,-0.01720399698340875,318.0,957.0,0.001654895925714328,better
new-stretch,S3,Orientation clusters,oc2_centre_err_deg,EVAE,Random context,48,4.725239318242392,4.576427342797818,0.17190946762660175,616.0,560.0,0.7798656225222942,no difference
new-stretch,S3,Orientation clusters,oc2_spread_err_deg,EVAE,Random context,48,3.1239392574686624,2.9238535444389173,0.39077323011728016,756.0,420.0,0.08585363117794031,no difference
new-stretch,S3,Orientation clusters,oc2_share_err,EVAE,Random context,50,0.11483516483516479,0.10897435897435896,0.008368347338935538,808.0,467.0,0.10110987171644048,no difference
new-stretch,S3,Orientation clusters,oc3_centre_err_deg,EVAE,Random context,39,5.973806660627373,7.6972152871489055,-0.6649934544636551,220.0,560.0,0.017661542779795713,better
new-stretch,S3,Orientation clusters,oc3_spread_err_deg,EVAE,Random context,39,3.573432138239025,4.586428716232546,0.0,335.0,445.0,0.44271397466630724,no difference
new-stretch,S3,Orientation clusters,oc3_share_err,EVAE,Random context,50,0.10531517094017087,0.11538461538461539,-0.010360962566844961,381.0,894.0,0.013283366102249478,better
new-stretch,S3,Orientation clusters,oc4_centre_err_deg,EVAE,Random context,22,10.195245281647507,12.798064106396627,0.0,127.5,125.5,0.9740665302571704,no difference
new-stretch,S3,Orientation clusters,oc4_spread_err_deg,EVAE,Random context,22,5.9850349155193525,7.105949220353673,0.0,96.5,156.5,0.3294336492623974,no difference
new-stretch,S3,Orientation clusters,oc4_share_err,EVAE,Random context,50,0.08276435574229687,0.07974664224664224,-2.7755575615628914e-17,589.5,685.5,0.6429979343958172,no difference
new-stretch,S3,Orientation clusters,unclustered_share_err,EVAE,Random context,50,0.0588235294117647,0.0625,-2.7755575615628914e-17,428.5,846.5,0.04344502307677474,better
new-stretch,S3,Orientation clusters,cluster_share_tv,EVAE,Random context,50,0.28516483516483515,0.311756993006993,-0.009753787878787917,385.5,889.5,0.014989765750559722,better
new-stretch,S3,Length,len_w1_m,EVAE,Random context,50,1.5344560790729995,1.4947475283555764,0.0023687940158652054,669.0,606.0,0.766732668436843,no difference
new-stretch,S3,Length,len_med_err_m,EVAE,Random context,50,0.8892269931464659,0.9175333008812061,-0.0024480526177131923,579.0,696.0,0.5786292137562761,no difference
new-stretch,S3,Length,len_p90_err_m,EVAE,Random context,50,2.2680127480932804,2.2496428998787117,0.022713906778095483,685.0,590.0,0.652772195247282,no difference
new-stretch,S3,Length,oc1_len_w1_m,EVAE,Random context,45,3.1927203101678643,3.1840819821685615,-0.04186140174946207,468.0,567.0,0.5835980622698003,no difference
new-stretch,S3,Length,oc2_len_w1_m,EVAE,Random context,48,2.3604382440777707,2.4167553352196514,-0.0718713953294996,466.0,710.0,0.2148044280840793,no difference
new-stretch,S3,Length,oc3_len_w1_m,EVAE,Random context,39,3.4448099779692,4.140498483090361,-0.11266359135406301,271.0,509.0,0.09674419657016353,no difference
new-stretch,S3,Length,oc4_len_w1_m,EVAE,Random context,22,5.210226772992022,8.214892353586308,-0.2236549187763801,82.5,170.5,0.15260959025151347,no difference
new-stretch,S3,Density,P20_relerr,EVAE,Random context,50,0.2222222222222222,0.20833333333333331,-2.7755575615628914e-17,357.0,918.0,0.0066735453410662615,better
new-stretch,S3,Density,P21_relerr,EVAE,Random context,50,0.24726851928215177,0.2615837065828435,-0.008601441165168519,444.0,831.0,0.06207125225267518,no difference
new-stretch,S3,Density,P22_relerr,EVAE,Random context,38,0.6666666666666666,0.7142857142857143,0.0,363.0,378.0,0.9119399028462004,no difference
new-stretch,S3,Density,nn_w1_m,EVAE,Random context,50,1.2002426489049707,1.219028718519314,-0.0032021696358629503,577.0,698.0,0.5655778099255286,no difference
new-stretch,S3,Density,cluster_vmr_err,EVAE,Random context,50,0.2484768907563025,0.23967838250127252,-2.7755575615628914e-17,541.0,734.0,0.3512283007492316,no difference
new-stretch,S3,Density,oc1_count_relerr,EVAE,Random context,47,0.5,0.5,-5.551115123125783e-17,262.0,866.0,0.0013335480001697196,better
new-stretch,S3,Density,oc2_count_relerr,EVAE,Random context,50,0.5,0.46875,0.0,643.5,631.5,0.9526768308907991,no difference
new-stretch,S3,Density,oc3_count_relerr,EVAE,Random context,49,0.5,0.5,0.0,523.5,701.5,0.3446832841544625,no difference
new-stretch,S3,Density,oc4_count_relerr,EVAE,Random context,35,0.5,0.5,0.0,329.5,300.5,0.7998144850491523,no difference
new-stretch,S3,Topology,term_share_err,EVAE,Random context,50,0.07572684246112232,0.06646270396270396,-2.0816681711721685e-17,692.0,583.0,0.5988119088490225,no difference
new-stretch,S3,Topology,CL_err,EVAE,Random context,50,0.5080379978078187,0.5311595415043691,0.003324808184143241,654.0,621.0,0.878334307774896,no difference
new-stretch,S3,Topology,node_tv,EVAE,Random context,50,0.12992224322869478,0.12441425120772948,-0.0034872524346208633,551.0,724.0,0.40970358186013023,no difference
