1.757827040289245413e-01,4.705197140640079989e-01,1.328750017549194529e-01,5.132924392753779319e-01
8.185798212947362762e-01,2.603420120794960879e-01,1.000000000000000000e+00,4.252147205487871728e-01
6.106846043633439303e-01,0.000000000000000000e+00,6.114794895772112104e-01,9.021204793196124783e-02
4.380836912604234024e-01,7.757317432256372047e-01,8.402759735076615888e-01,1.000000000000000000e+00
1.421539375613237455e-01,7.239064573286610460e-02,5.225053002332613605e-04,5.056355297660962700e-01
3.051915462408136825e-01,4.841786808967666889e-01,4.642011229600835343e-01,5.240039639472885424e-01
1.256897116385177759e-02,7.973213414928050913e-01,3.627258930138520521e-01,9.525406141498951040e-01
3.623786023149633273e-01,5.901610636294954970e-01,2.400430986394739008e-01,8.126582122265225694e-01
5.169559236317536333e-02,1.269295248948745791e-02,1.045332032844457915e-01,2.092011329177696222e-01
8.498973765289912219e-01,3.041117405547967278e-01,2.976359210097661023e-01,8.017258429870733893e-01
9.725097797057336013e-01,6.353382574796885285e-01,8.130697824814612229e-01,7.735832226991444793e-01
3.180972941869772974e-01,1.020970342162287464e-01,2.123208633905373510e-01,1.950066092011296659e-01
8.424035362400860150e-01,2.698927473667008248e-01,6.622528978190570514e-01,4.461816597339766655e-01
9.022200774795290368e-01,9.328350977632673402e-01,9.418095875137570960e-01,9.615215106275407653e-01
