7.676747789748081807e-01,1.924348117364607091e-01,7.953852235319114339e-01,2.355903530053423123e-01
5.246965910825005519e-01,2.000637450595504907e-01,8.556763527188313567e-01,9.173008503032367145e-01
5.728401872697957975e-01,6.738568454684604192e-02,9.275638412744627859e-01,3.277504235396954124e-01
8.169084540211805079e-01,2.564579477199500079e-01,8.554432114877214000e-01,2.790168890247254896e-01
5.914319303525790161e-01,6.566847278997925974e-01,8.021912154101533687e-01,7.340264862681858959e-01
2.049265822297340056e-01,3.752860026243857727e-01,2.675081210723224134e-01,4.348034790479612943e-01
2.988152899067411106e-01,4.172802803783379200e-01,6.455387248052255611e-01,6.984396414681327547e-01
0.000000000000000000e+00,5.591227432190660762e-01,4.992445776484989994e-01,7.212331558618153560e-01
0.000000000000000000e+00,3.971166085308974747e-02,5.865123997337098327e-01,2.978668395533438096e-01
1.000000000000000000e+00,5.149448725588483544e-01,9.376784107993649808e-01,6.939416731233033486e-01
7.855894038518005384e-01,7.085206177831933072e-01,6.766902557238934079e-01,8.591106548804645637e-01
1.000000000000000000e+00,3.469831223364185924e-01,8.788569904329659455e-01,5.164421531990223135e-01
7.446895363478104324e-01,1.757646298191951062e-01,6.983630107748838300e-01,2.457681059725231043e-01
