0.000000000000000000e+00,1.819999988975667948e-01,4.704814406188451148e-02,7.258021895781683330e-01
8.176262247021114371e-01,6.344710806046274243e-01,1.000000000000000000e+00,8.533165650239527000e-01
3.376176220010674855e-01,8.344284761333037315e-01,5.316874522138678172e-01,9.981512558079194131e-01
3.168649233260577569e-01,4.357528500244967629e-01,4.171374880394512763e-01,5.884982533766873747e-01
5.153709188614480352e-01,1.648301540396998610e-01,5.019468530501730585e-01,3.852214158989598070e-01
4.620536704833210218e-01,6.105865890934166762e-01,1.382767419045268786e-01,7.896123473689856676e-01
1.006519513823983525e-01,6.139228688320619298e-01,2.887166862702394976e-02,8.967021359363096522e-01
3.114686129471423426e-01,3.844357097387572919e-01,0.000000000000000000e+00,6.029644094183002068e-01
7.838486926796461862e-01,4.102673431326885056e-03,8.864993555304978567e-01,1.251095868149499635e-01
9.452029849308870579e-01,5.686284391715391573e-01,1.000000000000000000e+00,6.319306600971104082e-01
7.979998618902627294e-01,6.799916541113689705e-01,8.572441309152182276e-01,7.434465373025104240e-01
8.028208169513575410e-01,1.391649145750928351e-02,7.277340736812718536e-01,8.676239262136943298e-01
6.463699582509306873e-01,6.449944665885909423e-01,3.866361137934418712e-01,8.425747463249222413e-01
3.232592776640640098e-02,0.000000000000000000e+00,7.811535841296832205e-03,4.305793688650055850e-02
0.000000000000000000e+00,1.029941653142016356e-01,2.858444652842292433e-01,3.682549628647394102e-01
