1.494970904993714877e-01,8.728267083001768345e-01,1.122787905526457103e-01,9.581278433966005093e-01
1.000000000000000000e+00,5.317894644630541956e-01,7.703623129482316534e-01,6.615257620339253242e-01
4.767871701396875217e-01,9.123439596175883515e-02,4.132237828098364041e-01,1.140939642381694485e-01
8.035707581395982180e-01,2.285113196188607032e-01,6.263708960657240477e-01,7.120836515611014272e-01
4.191857723134500002e-01,3.706864622215504390e-01,1.191086026293295408e-01,5.322536322494273442e-01
5.641257883924938321e-02,5.110668842627333897e-01,5.720946180639794321e-01,8.801139886544419033e-01
6.039278543727160525e-02,5.592421793000602603e-01,8.987749778492688801e-02,7.068676448805427670e-01
1.438127672638877530e-01,7.697663399345473501e-01,4.109179571149823018e-01,1.000000000000000000e+00
8.073928843687547263e-02,2.381936562979987404e-02,1.881368767147205967e-01,2.424545501378698176e-01
1.072888859042781529e-01,3.198234486360860829e-01,8.759828917255740865e-01,4.367923689107583995e-01
8.939510608111216339e-01,7.884474907328321569e-01,1.000000000000000000e+00,9.178389829615520856e-01
3.055287006452987453e-01,2.450480012020997411e-01,3.500743505403091649e-01,2.520981880106993311e-01
9.137948016815443664e-01,5.818177474807550986e-02,9.170554418868760438e-01,2.572863279454822294e-01
5.774008408208463061e-01,9.233885777170965925e-01,8.682312592844393384e-01,9.988429772679497942e-01
6.865201912435653364e-01,5.754296885030034669e-01,5.217323579278824175e-01,8.936041488154169432e-01
8.473995309736698234e-01,2.911285051119668621e-01,9.803237337205440438e-01,4.757430068242208820e-01
6.880120017726437665e-01,1.946261207438291230e-01,8.078097126286013507e-01,2.826975305699526153e-01
