3.739845222547683590e-01,7.768437179388615332e-01,0.000000000000000000e+00,7.819754188509493442e-01
8.290663220261682564e-01,4.964372445102582798e-01,4.028386614943395561e-01,6.060342263225664272e-01
5.649794928508079517e-01,6.139553371156299955e-01,7.309460716673965575e-02,6.258006510054027194e-01
6.824524822626022447e-01,1.765882087755897001e-01,8.955779847707839858e-01,2.669104324769280279e-01
4.404850603232624007e-01,3.376368494418625077e-01,4.924281238426921892e-01,4.768247990223403732e-01
1.315688962182413602e-01,2.023326637133459616e-01,3.395335202971089816e-01,4.297416923657556009e-01
1.241498908485291347e-01,4.339518579702951739e-01,1.865499296699645315e-01,5.065169897813222022e-01
7.855603765367246138e-01,0.000000000000000000e+00,1.000000000000000000e+00,1.430583822054883603e-01
1.545206742253229792e-01,1.680627814288636335e-02,4.658328456912114168e-01,2.291029805803725949e-01
8.804324585434403216e-01,2.043046391475797363e-01,9.916274827483687604e-01,4.256685339938997559e-01
6.567342066884284124e-01,6.428317006376850218e-01,4.141180729746574696e-01,8.608124081345928102e-01
8.275422823663469707e-01,4.650776014636444078e-01,9.184420335058454121e-01,6.427693738628936782e-01
1.061378261992473315e-01,2.574184715326237605e-01,0.000000000000000000e+00,3.663115672001436285e-01
6.743967845313708631e-01,5.300952399590580510e-01,7.887756531414695793e-01,8.790000000000000036e-01
5.282142821759143736e-01,2.685379438904775262e-02,6.196319397479137514e-01,4.097285324999903056e-01
