5.226411353726197195e-02,8.949169295021958126e-01,2.648861277919005441e-02,9.878264291098647343e-01
9.307985489702118587e-01,1.756934879601041444e-01,1.000000000000000000e+00,2.882086841726622661e-01
4.398339519665134811e-01,0.000000000000000000e+00,4.213000652318379391e-01,8.952185203831226901e-02
1.168743418795794575e-01,7.793565094013314987e-01,3.411929262535839946e-01,9.052040279369253373e-01
1.397979250663472783e-01,1.720128083505542138e-01,5.012270896494849803e-02,6.810836171827404639e-01
4.656334541552153983e-01,4.608207104280341304e-01,6.598671056516083322e-01,7.437439801618705992e-01
9.388624128599620811e-02,3.047663207153393228e-01,2.880156189511253739e-01,8.854152922531055570e-01
6.577289381192593654e-01,5.706897807076927176e-01,4.946081119144319915e-01,1.000000000000000000e+00
2.029694860786326049e-01,1.437072361565916445e-02,3.837355429321400724e-01,2.669869521751275787e-01
6.109482180121831307e-01,8.828123462403592026e-02,1.514080036636896720e-01,7.561567221859616383e-01
1.000000000000000000e+00,3.865287885698010517e-01,9.009242027839423628e-01,7.116865546724384650e-01
1.000000000000000000e+00,5.699696035098598956e-02,8.420491035241278732e-01,1.388169744500358793e-01
6.573621993476436165e-01,7.774496989851015227e-02,5.896102423256351921e-01,4.666224030911443887e-01
