7.659046879511054451e-01,5.423057490638210076e-01,7.737932552076146608e-01,9.170126937480054252e-01
8.504208569114650729e-01,5.241486574796644371e-01,9.867955795049647705e-01,5.655393223034509420e-01
1.883254593123592779e-03,5.276552256465161239e-01,1.953938549705090399e-01,7.211658260238984486e-01
3.281725187137109478e-01,6.517974082986610629e-02,2.505450853354304619e-01,7.754172979380660746e-02
8.637671409248188770e-01,2.558973356107275832e-01,9.021857186179313981e-01,2.787800882512969647e-01
7.697799218924310516e-01,5.256165864351497463e-02,7.960839168688296219e-01,6.745087126103585518e-02
3.162487363489917547e-01,2.310270412807559903e-01,4.702819642684337165e-01,4.838895045643527570e-01
8.399295543048153068e-01,2.000983439580950596e-01,1.000000000000000000e+00,2.954390003240712770e-01
7.207020992763389922e-01,2.394682356082969144e-01,7.552574255563090366e-01,2.902362743259179201e-01
7.490346875684356087e-01,8.700799127800454280e-02,5.410867041201438132e-01,1.805918716026622961e-01
8.279513819053294643e-01,5.750059426217909442e-01,7.668049517637414159e-01,7.576726092884590313e-01
3.539353504606103651e-01,3.374182161894462295e-01,2.760641266103320279e-01,4.757174740699733340e-01
5.953075179896494262e-01,0.000000000000000000e+00,3.598664377682918025e-01,2.535579486633315893e-01
9.641462144993968586e-01,5.021300046029558706e-01,8.080035634757971597e-01,8.031127701082679815e-01
1.017046823926380378e-01,1.226519927702321155e-01,0.000000000000000000e+00,2.461649489672275704e-01
