5.713552482046900804e-01,1.746203789002522266e-01,6.524230329128483108e-01,4.121678410683408678e-01
4.729713499778576691e-01,1.533886374432416044e-01,9.978841153453419377e-01,4.266719542504208151e-01
3.667204572558904196e-01,4.666515680611810213e-02,4.699644871936978774e-01,2.128801558502520508e-01
0.000000000000000000e+00,7.538503188999063909e-01,1.666657709349150529e-01,9.406962414623257773e-01
8.035376337314840134e-01,4.362533550417808659e-01,8.316585018339507362e-01,6.107175163305567089e-01
1.468905015747918319e-01,0.000000000000000000e+00,4.247750202016334908e-01,5.758302827527995715e-01
0.000000000000000000e+00,3.084313604345242377e-01,1.685270052733233714e-01,4.973638784935112689e-01
0.000000000000000000e+00,2.602831892946287362e-01,4.267730421232309723e-01,5.200168801144919861e-01
2.666612080713205435e-01,4.960285763950191829e-01,7.492541000679250329e-01,7.825681060179976445e-01
3.228494652455518588e-01,2.503845769990113435e-01,5.608406239127821102e-01,9.478570124609000391e-01
7.857748149610460642e-02,0.000000000000000000e+00,0.000000000000000000e+00,1.065161415836064496e-01
3.516277205892152646e-01,4.900750682738486130e-02,2.268806192819395051e-01,6.552784191807465852e-01
5.299892281253921755e-01,0.000000000000000000e+00,4.698576148177818212e-01,1.396779179073645016e-01
7.007588370809793021e-01,1.143345252828730924e-01,5.200226174300818238e-01,3.558933229240117679e-01
3.479687506152971954e-01,2.696678717130777114e-01,3.285165222515517014e-01,3.101285067096681836e-01
