parameter,S1 Held-out,S1 EVAE,S1 ADFNE,S1 KDE,S2 Held-out,S2 EVAE,S2 ADFNE,S2 KDE,S3 Held-out,S3 EVAE,S3 ADFNE,S3 KDE
Traces per 100 m2,3.75,3.5000000000000004,3.75,3.75,3.93390392992508,3.5000000000000004,3.75,3.75,3.93390392992508,3.5000000000000004,3.5000000000000004,3.5000000000000004
Median trace length (m),5.786156737430273,5.497710108757018,4.58848130500907,5.155059930027406,5.729940984173922,5.47494727714109,4.545627839512401,5.155059930027406,5.729940984173922,5.145769119262695,4.641621327139832,5.196261622870768
Long traces: 90th percentile length (m),13.88968613022402,11.810803655957242,11.216756304407584,10.176610984009233,12.379438734455537,12.090301738843692,11.110646174315182,10.422944906911859,12.379438734455537,11.431345701217662,11.253657659906157,10.312324778362578
Trace intensity P21 (m/m2),0.2693342125449524,0.21420600545887622,0.21023540717413175,0.21516591666188525,0.26476739141524874,0.22323427525569592,0.20740912142722992,0.2173214996138517,0.26476739141524874,0.20604998317772044,0.20205757980225225,0.20377165634705452
Intersections per 100 m2,0.5,0.75,1.1875,1.5,0.4119170984455959,0.75,1.25,1.5,0.4119170984455959,0.6476683937823834,1.125,1.25
Connections per trace,0.7272727272727273,0.9013069758795966,1.3199999999999998,1.4311538461538462,0.6794258373205742,1.0,1.2896969696969696,1.4584656084656085,0.6794258373205742,0.8669711362805992,1.2684001136686558,1.3629776021080369
Spacing: nearest trace (m),3.1389670726049026,4.061964484361157,2.5328984667084535,2.443300249941875,3.01093041364397,4.086890369365499,2.4805482892638624,2.402781536251129,3.01093041364397,4.030662031538679,2.559134693192161,2.4487248656087788
Orientation cluster 1 (~125 deg): share (%),36.08247422680412,33.55805243445693,35.55372807017544,34.38870614035088,34.285714285714285,34.22103861517976,35.792824074074076,34.675925925925924,34.285714285714285,36.035426532997114,35.54496578690127,33.877077223851416
Orientation cluster 2 (~56 deg): share (%),31.958762886597935,27.91011235955056,31.674890350877195,29.084429824561404,31.020408163265305,27.908243554049143,33.34490740740741,30.925925925925924,31.97278911564626,28.224368042315024,32.612414467253174,31.225562072336267
Orientation cluster 3 (~27 deg): share (%),18.556701030927837,19.205992509363295,16.80372807017544,20.60032894736842,19.183673469387756,20.070209417746035,17.20486111111111,19.70486111111111,17.687074829931973,17.98388584783812,17.454789833822094,19.8252688172043
Orientation cluster 4 (~89 deg): share (%),9.621993127147768,13.348314606741575,10.9375,11.348684210526317,9.523809523809524,10.150102893112214,7.806712962962963,9.768518518518517,9.931972789115646,12.669905898271727,9.78128054740958,10.997067448680351
Orientation cluster 1: direction (deg),124.55921314364389,126.31528028827333,124.84586790509273,125.05233819565402,124.74808469826684,124.71883275122875,124.36643671119363,124.56877155168286,124.05285376630744,124.34641252873072,123.69191028992577,124.19991799900957
Orientation cluster 2: direction (deg),56.05939198121443,55.5095199124323,56.1158585620753,56.40305278935168,56.90705849822119,55.898438021635634,56.62942386534924,56.6441859358243,56.13595577159609,56.01343669394946,56.21406991985366,56.64387271967133
Orientation cluster 1: spread (deg),10.121734239335943,11.645766501378093,10.806929082357518,10.786460116025971,10.977659690925591,12.041926172479721,11.090121134700633,10.78075551240137,10.902502700181298,12.152214315593481,11.43372762888566,11.006089439361071
Orientation cluster 2: spread (deg),9.32300544323073,9.98793532898031,9.790817566090231,9.704178974368153,9.782340864838341,10.408667943429258,10.504306173692287,9.71908879951639,10.26680016150005,10.566572255764408,10.13400429584267,9.585952016840427
