box,row,row_index,col,usable,u_left,y_top,width_m,height_m,centre_u,centre_stack,n_traces
W00_C1,W00,0,1,True,-132.981,0.0,20.0,15.44,-122.981,7.72,26
W00_C2,W00,0,2,True,-112.981,0.0,20.0,15.44,-102.981,7.72,20
W00_C3,W00,0,3,True,-92.981,0.0,20.0,15.44,-82.981,7.72,11
W00_C4,W00,0,4,True,-72.981,0.0,20.0,15.44,-62.981,7.72,15
W00_C5,W00,0,5,True,-52.981,0.0,20.0,15.44,-42.981,7.72,11
W00_C6,W00,0,6,True,-32.981,0.0,20.0,15.44,-22.981,7.72,12
W00_C7,W00,0,7,True,-12.981,0.0,20.0,15.44,-2.981,7.72,18
W00_C8,W00,0,8,True,7.019,0.0,20.0,15.44,17.019,7.72,13
W01_C1,W01,1,1,True,-132.981,7.39,20.0,20.0,-122.981,35.83,11
W01_C2,W01,1,2,True,-112.981,7.39,20.0,20.0,-102.981,35.83,10
W01_C3,W01,1,3,True,-92.981,7.39,20.0,20.0,-82.981,35.83,8
W01_C4,W01,1,4,True,-72.981,7.39,20.0,20.0,-62.981,35.83,8
W01_C5,W01,1,5,False,-52.981,7.39,20.0,20.0,-42.981,35.83,5
W01_C6,W01,1,6,False,-32.981,7.39,20.0,20.0,-22.981,35.83,8
W01_C7,W01,1,7,False,-12.981,7.39,20.0,20.0,-2.981,35.83,8
W01_C8,W01,1,8,False,7.019,7.39,20.0,20.0,17.019,35.83,9
W02_C1,W02,2,1,True,-132.981,2.47,20.0,20.0,-122.981,68.69,14
W02_C2,W02,2,2,True,-112.981,2.47,20.0,20.0,-102.981,68.69,10
W02_C3,W02,2,3,True,-92.981,2.47,20.0,20.0,-82.981,68.69,12
W02_C4,W02,2,4,True,-72.981,2.47,20.0,20.0,-62.981,68.69,11
W02_C5,W02,2,5,True,-52.981,2.47,20.0,20.0,-42.981,68.69,16
W02_C6,W02,2,6,True,-32.981,2.47,20.0,20.0,-22.981,68.69,14
W02_C7,W02,2,7,False,-12.981,2.47,20.0,20.0,-2.981,68.69,8
W02_C8,W02,2,8,False,7.019,2.47,20.0,20.0,17.019,68.69,20
W03_C1,W03,3,1,True,-132.981,2.38,20.0,20.0,-122.981,96.54,16
W03_C2,W03,3,2,True,-112.981,2.38,20.0,20.0,-102.981,96.54,18
W03_C3,W03,3,3,True,-92.981,2.38,20.0,20.0,-82.981,96.54,18
W03_C4,W03,3,4,True,-72.981,2.38,20.0,20.0,-62.981,96.54,16
W03_C5,W03,3,5,True,-52.981,2.38,20.0,20.0,-42.981,96.54,14
W03_C6,W03,3,6,True,-32.981,2.38,20.0,20.0,-22.981,96.54,13
W03_C7,W03,3,7,True,-12.981,2.38,20.0,20.0,-2.981,96.54,14
W03_C8,W03,3,8,True,7.019,2.38,20.0,20.0,17.019,96.54,13
W04_C1,W04,4,1,True,-132.981,2.35,20.0,20.0,-122.981,124.27,14
W04_C2,W04,4,2,True,-112.981,2.35,20.0,20.0,-102.981,124.27,14
W04_C3,W04,4,3,True,-92.981,2.35,20.0,20.0,-82.981,124.27,19
W04_C4,W04,4,4,True,-72.981,2.35,20.0,20.0,-62.981,124.27,10
W04_C5,W04,4,5,True,-52.981,2.35,20.0,20.0,-42.981,124.27,14
W04_C6,W04,4,6,True,-32.981,2.35,20.0,20.0,-22.981,124.27,14
W04_C7,W04,4,7,True,-12.981,2.35,20.0,20.0,-2.981,124.27,7
W04_C8,W04,4,8,True,7.019,2.35,20.0,20.0,17.019,124.27,8
W05_C1,W05,5,1,True,-132.981,2.29,20.0,20.0,-122.981,151.91,18
W05_C2,W05,5,2,True,-112.981,2.29,20.0,20.0,-102.981,151.91,20
W05_C3,W05,5,3,True,-92.981,2.29,20.0,20.0,-82.981,151.91,17
W05_C4,W05,5,4,True,-72.981,2.29,20.0,20.0,-62.981,151.91,17
W05_C5,W05,5,5,True,-52.981,2.29,20.0,20.0,-42.981,151.91,17
W05_C6,W05,5,6,True,-32.981,2.29,20.0,20.0,-22.981,151.91,18
W05_C7,W05,5,7,True,-12.981,2.29,20.0,20.0,-2.981,151.91,18
W05_C8,W05,5,8,True,7.019,2.29,20.0,20.0,17.019,151.91,19
W06_C1,W06,6,1,True,-132.981,0.0,20.0,17.58,-122.981,175.99,24
W06_C2,W06,6,2,True,-112.981,0.0,20.0,17.58,-102.981,175.99,21
W06_C3,W06,6,3,True,-92.981,0.0,20.0,17.58,-82.981,175.99,19
W06_C4,W06,6,4,True,-72.981,0.0,20.0,17.58,-62.981,175.99,19
W06_C5,W06,6,5,True,-52.981,0.0,20.0,17.58,-42.981,175.99,14
W06_C6,W06,6,6,True,-32.981,0.0,20.0,17.58,-22.981,175.99,11
W06_C7,W06,6,7,True,-12.981,0.0,20.0,17.58,-2.981,175.99,15
W06_C8,W06,6,8,True,7.019,0.0,20.0,17.58,17.019,175.99,6
