9.169370027467137474e-01,6.543238748287002471e-01,1.000000000000000000e+00,7.079446898844354852e-01
8.860075974537404697e-01,8.444963360286966703e-01,1.000000000000000000e+00,9.169847468545275770e-01
1.767647185922359698e-01,4.325368539078662811e-01,0.000000000000000000e+00,8.556961971891920982e-01
8.682069285151934324e-01,0.000000000000000000e+00,7.862128328076081196e-01,1.099529542188478481e-01
2.896382578869884927e-01,4.404313270678987813e-01,5.404095283488208334e-01,8.672216232189664531e-01
8.362888965313584055e-01,3.755071848147401026e-01,5.337854948336928640e-01,6.071550161129942724e-01
1.771848255902552238e-01,1.340747984008459071e-01,7.919822281092381289e-01,7.287194220466943761e-01
3.224653131356076952e-02,-1.734723475976807094e-18,6.914333337605677032e-02,2.976322105676750818e-01
3.409441295602388955e-01,0.000000000000000000e+00,4.609920319557669344e-01,1.296568329190361246e-01
6.665321701858689663e-01,1.179385933532837161e-01,7.634940034057448033e-01,3.696299937114593259e-01
2.559622995361517939e-01,6.029264990874035890e-01,1.989353724017907388e-01,6.474629576615588133e-01
6.314374840575065484e-01,6.691062494468691391e-01,5.153889023942146430e-01,9.797393039512631852e-01
6.538246179698553595e-01,8.585536688129072891e-01,8.883580659748467889e-01,9.107172280987138047e-01
5.787776266062903685e-02,2.553993299013032070e-01,6.191551829850029665e-02,7.009490892881499180e-01
1.453645334654289911e-01,2.367534456816296762e-01,3.727089061326545050e-01,5.888348402413744465e-01
