2.627390998427681090e-01,4.240882731201627842e-01,3.789731179420228746e-01,5.527704935720100243e-01
6.648184127108630603e-01,4.602266719965455999e-01,7.250456040273322023e-01,6.026451287964823544e-01
9.458679969035131974e-01,0.000000000000000000e+00,1.000000000000000000e+00,9.966587526547349141e-02
4.072768741536756942e-01,6.370298585771912991e-01,4.150431393011224102e-01,7.496095286717702200e-01
5.499970801279810972e-01,4.720961693979041085e-01,6.529955709644080786e-01,5.868737376537861428e-01
4.911722876807457228e-01,1.049520746470467003e-02,1.000000000000000000e+00,2.210162401597473569e-01
6.853163362468946973e-01,6.016690190318760290e-02,7.317350836689880955e-01,1.594578434333782102e-01
9.937283532303325950e-01,3.685077739328995183e-01,5.790938712619640993e-01,7.720000000000000195e-01
3.136902414362799929e-01,2.113949756713474071e-01,9.418274824305489235e-02,6.400852185119485505e-01
4.022714763548153050e-01,3.398836632934530699e-02,3.589774878264005986e-01,8.937116462249428128e-02
6.396270783633485335e-01,4.657128910248176101e-01,5.683834704451206088e-01,6.224500467988496322e-01
