0.000000000000000000e+00,4.839735710280942960e-01,7.031506455075521578e-02,5.668735852185414759e-01
5.577750913419446954e-01,8.335404518710503030e-01,6.350135728534517243e-01,1.000000000000000000e+00
9.339656365298691920e-01,6.282477683635504517e-01,8.511550891018446752e-01,7.051850252536980834e-01
5.143743676953337340e-01,9.067610175763402003e-02,3.320813255496003480e-01,8.507042202218886295e-01
0.000000000000000000e+00,1.893337258464434514e-01,2.619153267843934429e-01,4.632215998643804955e-01
4.373440048918322276e-01,3.368577958825899055e-01,1.931239149717534076e-02,5.011198518987821648e-01
9.294196105634597860e-01,7.699031811652765622e-01,1.000000000000000000e+00,9.484070387727390194e-01
9.819931444112045549e-01,3.100970154727893946e-01,5.063226762827651717e-01,3.516189092670482519e-01
5.160059552432745278e-01,0.000000000000000000e+00,7.512082380304396789e-01,1.852547720934386577e-01
2.354241047651426666e-01,9.790764510607373738e-01,2.782059009430481455e-01,1.000000000000000000e+00
3.732292810222976875e-01,6.947664354026655831e-01,5.321015557506210136e-01,7.921706106483598075e-01
