1.000000000000000000e+00,7.103100965841251807e-03,8.077262600730196196e-01,1.324858244456084133e-01
2.599613783538759493e-01,2.651790504934491421e-01,1.150074745689955158e-01,4.412150475348340928e-01
9.875667528623085500e-01,7.025052539691654108e-01,9.032241728881019727e-01,8.328069065898926482e-01
2.732902450064628175e-01,2.777545555898601748e-01,9.076322506370360088e-02,7.047843351864820916e-01
1.007051705799442420e-01,4.838418796461704807e-01,6.017872881951425584e-02,5.387624428228466877e-01
4.386023965496945731e-01,5.795499731015072431e-01,1.064142065992487174e-01,9.024602218977504364e-01
5.929828489020180227e-01,2.910653251163868860e-01,6.363276913112275723e-01,3.733829859490171432e-01
1.861417889327265374e-01,0.000000000000000000e+00,3.092885959850161792e-01,1.542508974933318178e-01
3.848344189441054719e-01,0.000000000000000000e+00,7.608913416263247687e-01,4.694816770387700844e-01
4.809826828904908980e-01,7.430594423353531486e-05,6.080237766386089593e-01,2.079056314029929520e-01
6.527895077916513467e-01,0.000000000000000000e+00,9.634737912479313104e-01,2.669876793817399507e-01
6.274317122171167993e-01,8.133822208404213328e-01,9.407502084738681436e-01,1.000000000000000000e+00
5.459850107194920144e-01,8.282797715061454014e-01,8.722346373871824321e-01,9.417637357192774061e-01
2.061769603679266399e-02,7.574598980302083007e-01,1.049394296977871482e-02,9.278507961461230913e-01
7.845429818097002239e-02,4.386168827233499212e-01,6.629932599306351260e-02,5.926355120226727280e-01
6.481735891248283643e-01,3.820195220800692848e-01,8.344128251021991627e-01,3.915161403452052102e-01
