1.326897280822484648e-01,6.318317691211756681e-01,5.586114650862525344e-02,7.094029148693028475e-01
8.381659464816898497e-01,3.392833689920590201e-01,8.194398207683711854e-01,5.414693732984378061e-01
7.634658660006515829e-01,2.303803768772011429e-03,6.856455956387527140e-01,1.350520155757485574e-01
4.086331962177697230e-01,4.892348343742523586e-01,8.376303078105505895e-01,9.538509553062286539e-01
2.900019204642069193e-01,1.015512964580371214e-01,0.000000000000000000e+00,3.360866733399114903e-01
5.577003854818660677e-01,4.144898094290373480e-01,4.037586551599186557e-01,6.709956489449860895e-01
8.309346607795617401e-02,7.019589393646388231e-01,2.291208079272089304e-01,1.000000000000000000e+00
3.917994658136978448e-01,5.868899382322376734e-01,2.316384156560287177e-01,8.418976508409434789e-01
4.396411260886682326e-01,0.000000000000000000e+00,4.750350637146889543e-01,2.440628101110193793e-01
8.400754382843307333e-01,1.868869029304049412e-01,4.965628931289383652e-01,8.809763230064846518e-01
8.602173348423318711e-01,4.808708813726266795e-01,1.000000000000000000e+00,6.366270646341820605e-01
5.262624947251425267e-01,2.275688051856090133e-01,3.665884407339944362e-01,3.117056489312122758e-01
6.795526394334934217e-01,1.222292624654285897e-01,9.372934451612331408e-01,3.377628780661113272e-01
9.223526343522179261e-01,9.546371054738197470e-01,9.798771515669715271e-01,9.972780394465293741e-01
